LSOA code,All usual residents aged 16-74 ,Never worked and long term unemployed
E01000001,1221,21
E01000002,1196,11
E01000003,1102,51
E01000005,773,96
E01032739,971,13
E01032740,1044,23
E01000006,1251,163
E01000007,1034,141
E01000008,1023,193
E01000009,1377,209
E01000011,1239,200
E01000012,1324,197
E01000013,1354,136
E01000014,950,116
E01000015,1493,198
E01000016,1120,107
E01000017,1108,120
E01000018,1085,101
E01000019,970,119
E01000020,1226,134
E01000021,1141,137
E01000022,899,95
E01000024,912,103
E01000025,1139,121
E01000027,1088,115
E01000028,995,111
E01000029,1068,76
E01000030,1209,147
E01000031,1157,93
E01000032,1157,95
E01000033,919,109
E01000034,944,75
E01000035,1119,98
E01000036,980,62
E01000037,1329,105
E01000038,1021,36
E01000039,1144,82
E01000040,1096,148
E01000041,1150,120
E01000042,1189,191
E01000043,913,107
E01000044,1253,145
E01000045,1130,118
E01000046,1188,108
E01000049,1112,223
E01000050,1112,161
E01000051,1252,269
E01000052,1385,146
E01000053,1029,97
E01000054,1150,113
E01000055,1093,101
E01000056,1048,119
E01000057,987,89
E01000058,1284,119
E01000059,1050,104
E01000060,1174,117
E01000061,1154,192
E01000062,1299,134
E01000063,1101,109
E01000064,1252,126
E01000065,1157,103
E01000066,1323,162
E01000067,1394,151
E01000068,1171,145
E01000069,1556,143
E01000070,1121,109
E01000071,1571,179
E01000072,1331,161
E01000073,1074,114
E01000074,1052,95
E01000075,1204,107
E01000076,1296,170
E01000077,1031,122
E01000078,1144,150
E01000079,1026,107
E01000080,1062,127
E01000081,1173,121
E01000082,1158,112
E01000083,1155,147
E01000084,920,99
E01000085,1162,152
E01000086,985,94
E01000087,942,92
E01000088,1216,148
E01000089,1143,106
E01000090,1068,106
E01000091,1069,148
E01000093,1048,154
E01000094,922,101
E01000095,1061,89
E01000096,1188,215
E01000097,1089,104
E01000098,1186,161
E01000099,1191,108
E01000100,1114,109
E01000101,1078,90
E01000102,1057,106
E01000103,1179,139
E01000104,1216,173
E01000105,1441,184
E01000106,1355,171
E01000107,1117,95
E01000108,1156,78
E01000110,1026,70
E01000111,1256,129
E01000112,1357,121
E01000113,1196,110
E01000114,1450,119
E01032580,961,116
E01033587,1140,155
E01034469,212,10
E01034470,978,96
E01034471,635,73
E01034472,190,9
E01034473,659,67
E01034474,1500,213
E01034475,1040,145
E01034476,407,69
E01034477,326,23
E01034478,0,0
E01034479,2157,411
E01000115,1066,45
E01000116,1228,45
E01000117,1314,68
E01000118,1390,98
E01000119,1241,78
E01000120,1081,45
E01000121,988,147
E01000122,1088,58
E01000123,1283,87
E01000124,1206,112
E01000126,1485,229
E01000127,1074,123
E01000128,1283,129
E01000129,1252,191
E01000130,1183,125
E01000131,1342,135
E01000132,1027,124
E01000133,1125,113
E01000134,1181,121
E01000135,1123,87
E01000136,1040,47
E01000137,1177,141
E01000138,1063,95
E01000139,1103,90
E01000140,1296,93
E01000141,1656,130
E01000142,1770,172
E01000143,1077,123
E01000144,1201,65
E01000145,992,90
E01000146,1352,92
E01000147,1335,117
E01000150,1532,130
E01000151,1127,187
E01000152,1116,149
E01000153,1107,140
E01000154,979,118
E01000156,1418,72
E01000157,1172,74
E01000158,1418,108
E01000159,1271,81
E01000160,1654,108
E01000161,1093,57
E01000162,1146,106
E01000163,1211,129
E01000164,1225,116
E01000165,1427,92
E01000166,1144,64
E01000167,977,72
E01000168,1140,62
E01000169,1121,53
E01000170,1172,75
E01000171,1379,102
E01000172,1185,57
E01000173,1256,49
E01000174,1265,87
E01000175,1138,60
E01000176,1187,122
E01000177,1287,48
E01000178,1267,59
E01000179,1294,41
E01000180,1188,64
E01000181,1319,51
E01000182,1320,34
E01000183,1025,45
E01000184,1005,100
E01000185,1092,149
E01000186,1080,45
E01000187,1084,74
E01000188,1127,39
E01000189,1248,208
E01000190,1083,72
E01000191,1056,55
E01000192,1292,85
E01000193,1235,71
E01000194,1230,115
E01000195,1276,158
E01000196,1423,95
E01000197,1428,81
E01000198,1313,72
E01000199,1114,48
E01000200,1292,72
E01000201,1103,87
E01000202,1265,46
E01000203,1227,116
E01000204,1311,68
E01000205,1064,30
E01000206,1069,68
E01000207,1107,44
E01000208,1141,54
E01000209,1064,32
E01000210,1071,43
E01000211,1568,101
E01000212,1334,55
E01000213,957,45
E01000214,1001,35
E01000215,1251,108
E01000216,1294,93
E01000217,1150,105
E01000218,1203,106
E01000219,1279,103
E01000220,1235,123
E01000221,878,125
E01000222,1128,142
E01000223,922,114
E01000224,1130,131
E01000225,980,79
E01000226,1212,137
E01000227,1285,65
E01000228,1011,47
E01000229,1191,117
E01000230,1206,70
E01000231,1294,75
E01000232,1304,110
E01000233,1312,65
E01000234,1239,84
E01000235,1192,123
E01000236,1213,89
E01000237,1554,77
E01000238,1319,101
E01000239,1572,124
E01000240,1254,102
E01000241,1339,85
E01000242,1075,68
E01000243,1443,82
E01000244,1332,70
E01000245,1460,128
E01000246,1093,52
E01000247,1293,55
E01000248,1183,46
E01000249,1099,37
E01000250,1634,79
E01000251,1422,96
E01000252,1180,60
E01000253,1183,68
E01000254,1082,33
E01000255,1081,95
E01000256,1306,71
E01000257,1252,158
E01000258,1192,35
E01000259,1871,119
E01000260,1445,114
E01000261,1069,31
E01000263,1064,28
E01000264,1228,106
E01000265,1392,98
E01000266,1124,39
E01000267,1152,50
E01000268,1265,93
E01000269,1034,45
E01000270,1089,46
E01000271,1033,44
E01000272,957,26
E01000273,1104,82
E01000274,1333,87
E01000275,1184,73
E01000276,1050,49
E01000277,1167,115
E01000278,1021,57
E01000279,1039,50
E01000280,1022,32
E01000281,835,67
E01000282,1218,68
E01000283,999,37
E01000284,1241,88
E01000285,1105,82
E01000286,1109,77
E01000287,1146,100
E01000288,1124,52
E01000289,1264,160
E01000290,1113,68
E01000291,1068,139
E01000292,1049,58
E01000293,1283,44
E01000294,1132,72
E01000295,1330,75
E01000296,1338,76
E01000297,1144,63
E01000298,1382,82
E01000299,1383,97
E01000300,1241,55
E01000301,1054,53
E01000302,1359,108
E01000303,1078,36
E01000304,1230,82
E01000305,1254,143
E01000306,1320,99
E01000307,1224,120
E01000308,1107,131
E01000309,1386,108
E01000310,1577,118
E01000311,1014,73
E01000312,1244,122
E01000313,1422,126
E01000314,1426,90
E01000315,1212,125
E01000316,1764,123
E01000317,1198,85
E01000318,1345,99
E01000319,1105,58
E01000320,1052,51
E01000321,1289,94
E01000322,1321,92
E01000323,1505,145
E01000324,1284,81
E01033911,1148,85
E01033912,413,55
E01033913,959,122
E01033914,998,140
E01033915,0,0
E01033916,1230,105
E01033917,576,53
E01033918,825,34
E01033919,132,15
E01033920,296,27
E01033921,0,0
E01033922,222,16
E01033923,451,53
E01033924,970,116
E01033925,807,62
E01000325,1187,28
E01000326,963,21
E01000327,1105,20
E01000328,1100,49
E01000329,950,43
E01000330,1086,47
E01000331,1117,64
E01000332,1101,52
E01000333,1169,87
E01000334,1175,38
E01000335,1214,123
E01000336,1342,148
E01000337,1212,76
E01000338,1302,60
E01000339,1085,33
E01000340,821,29
E01000341,1047,32
E01000342,1447,32
E01000343,1098,44
E01000344,1132,20
E01000345,1001,20
E01000346,1154,25
E01000347,1076,37
E01000348,1085,23
E01000349,1144,32
E01000350,1109,27
E01000351,1176,28
E01000352,1130,35
E01000353,1225,24
E01000354,1085,46
E01000355,1067,40
E01000356,1077,32
E01000357,1041,32
E01000358,1179,25
E01000359,953,16
E01000360,1192,67
E01000361,1145,41
E01000362,1039,30
E01000363,1091,39
E01000364,1134,38
E01000365,1136,29
E01000366,1180,39
E01000367,1126,86
E01000368,1056,64
E01000369,1241,40
E01000370,1136,31
E01000371,1152,26
E01000372,1173,103
E01000373,1034,150
E01000374,997,94
E01000375,1078,63
E01000376,1085,42
E01000377,1052,22
E01000379,1184,60
E01000380,1055,51
E01000381,1104,58
E01000382,1096,24
E01000383,1088,45
E01000384,1222,37
E01000385,1270,103
E01000386,984,96
E01000387,1095,36
E01000388,1101,36
E01000389,1216,42
E01000390,935,37
E01000391,1249,57
E01000392,1165,86
E01000393,1199,34
E01000394,1020,25
E01000395,1067,31
E01000396,1026,26
E01000398,1132,73
E01000399,1136,50
E01000400,1109,37
E01000401,1164,64
E01000402,1105,74
E01000403,1435,115
E01000404,1585,161
E01000405,983,68
E01000406,1170,78
E01000407,1065,71
E01000408,1185,93
E01000409,1210,30
E01000410,1152,38
E01000411,1028,31
E01000412,1194,30
E01000413,966,38
E01000414,1209,62
E01000415,1114,40
E01000416,1079,109
E01000417,1238,66
E01000418,1388,94
E01000419,1030,26
E01000420,1146,32
E01000421,1028,23
E01000422,1190,180
E01000423,1154,22
E01000424,1280,37
E01000425,1201,50
E01000426,1233,44
E01000427,1350,42
E01000428,1248,47
E01000429,1161,138
E01000430,1204,93
E01000431,1177,145
E01000433,1218,124
E01000434,1029,99
E01000435,982,66
E01000436,1224,33
E01000437,948,39
E01000438,1167,72
E01000439,980,61
E01000440,1051,26
E01000441,1149,94
E01000442,1132,34
E01000443,908,38
E01000444,1190,32
E01000445,1169,24
E01000446,1174,29
E01000447,1102,25
E01000448,939,17
E01000449,1002,15
E01000450,1257,72
E01000451,1245,37
E01000452,1014,38
E01000453,1063,40
E01000454,1143,50
E01000455,1212,42
E01000456,1026,25
E01000457,1311,55
E01000458,1046,23
E01000459,1168,53
E01000460,1075,21
E01000461,1255,16
E01000462,1135,34
E01000463,920,19
E01000464,1034,104
E01000465,1135,127
E01000466,1170,146
E01000467,1145,119
E01000468,1798,143
E01000469,1214,101
E01000470,1004,121
E01032566,1212,87
E01033789,224,4
E01033790,882,77
E01033791,580,29
E01033792,955,42
E01000471,1251,123
E01000472,1078,87
E01000473,1108,145
E01000474,1496,193
E01000475,1518,163
E01000476,1263,115
E01000477,1422,170
E01000478,1662,165
E01000479,1231,136
E01000480,1332,115
E01000481,1154,129
E01000483,1226,210
E01000484,886,112
E01000485,1026,113
E01000486,1557,152
E01000487,1100,138
E01000488,1177,137
E01000489,1160,74
E01000490,1346,89
E01000491,1465,145
E01000492,1001,61
E01000493,1241,90
E01000494,1379,137
E01000495,1287,111
E01000497,1307,149
E01000498,1130,167
E01000499,1189,185
E01000501,1286,181
E01000502,972,120
E01000503,1452,145
E01000504,1362,104
E01000505,1260,139
E01000506,1248,192
E01000507,1255,124
E01000508,1375,222
E01000509,1080,129
E01000510,1226,144
E01000511,1161,149
E01000512,1372,95
E01000513,1212,105
E01000514,1130,94
E01000515,1252,177
E01000516,1304,143
E01000517,1208,122
E01000518,1202,127
E01000519,1387,147
E01000520,1196,147
E01000521,1579,292
E01000522,1317,159
E01000523,1887,228
E01000524,1796,274
E01000525,1447,174
E01000526,1580,257
E01000527,1495,213
E01000528,1069,159
E01000530,1438,84
E01000531,1619,130
E01000532,1313,78
E01000533,1676,215
E01000534,1325,89
E01000535,1675,134
E01000536,1219,94
E01000538,1168,53
E01000539,1153,69
E01000540,1138,83
E01000541,1043,68
E01000543,1213,128
E01000544,1329,186
E01000545,1547,104
E01000546,1329,82
E01000547,1412,122
E01000548,1739,138
E01000549,1564,71
E01000550,1529,164
E01000551,1520,273
E01000552,1263,222
E01000553,1649,176
E01000554,1391,121
E01000555,1132,87
E01000556,1544,150
E01000557,1535,102
E01000558,1235,109
E01000559,1212,69
E01000560,1349,82
E01000561,1423,101
E01000562,950,48
E01000563,1142,71
E01000564,897,104
E01000565,1109,115
E01000566,1170,97
E01000567,1233,123
E01000568,1962,58
E01000569,1203,68
E01000570,1181,134
E01000571,1269,160
E01000572,1090,86
E01000573,1151,105
E01000574,991,73
E01000575,1416,124
E01000576,1244,99
E01000577,1681,254
E01000578,1323,132
E01000579,1338,89
E01000580,1500,72
E01000581,1172,60
E01000582,1392,66
E01000583,1856,117
E01000584,1282,76
E01000585,1379,88
E01000586,2012,155
E01000587,1231,140
E01000589,1466,134
E01000590,1329,103
E01000591,1582,170
E01000592,1244,114
E01000593,1590,159
E01000594,1266,111
E01000595,1128,191
E01000596,1139,248
E01000599,926,121
E01000601,969,164
E01000602,1064,159
E01000603,1041,154
E01000604,1224,211
E01000605,1131,196
E01000606,1250,124
E01000607,1661,177
E01000608,1659,175
E01000609,1530,168
E01000610,1410,160
E01000611,1100,128
E01000612,1259,135
E01000613,1576,189
E01000615,1224,116
E01000616,1372,119
E01000617,1343,131
E01000618,869,91
E01000619,1243,106
E01000620,1315,136
E01000621,1662,151
E01000622,1204,141
E01000623,1304,129
E01000624,1205,98
E01000625,1091,123
E01000626,1053,152
E01000627,1372,175
E01000628,1387,185
E01000629,1466,133
E01000630,1727,231
E01000631,1466,148
E01000632,1606,176
E01000633,1548,186
E01000634,1751,204
E01000636,1415,129
E01000637,1308,116
E01000638,1469,167
E01000639,1462,85
E01000640,1631,186
E01000641,1465,144
E01000642,1734,128
E01000643,1523,223
E01000644,1482,140
E01033455,902,139
E01033456,1491,269
E01033457,1327,95
E01033463,2168,183
E01033485,1481,216
E01033929,270,33
E01033930,1298,163
E01033931,886,109
E01033932,1144,180
E01033933,1252,165
E01033934,793,115
E01033935,1280,149
E01033936,599,76
E01033937,734,118
E01033938,457,84
E01033939,238,28
E01033940,0,0
E01033941,1207,181
E01033942,0,0
E01000645,996,14
E01000646,1163,44
E01000647,1154,37
E01000648,1245,38
E01000649,1387,34
E01000650,1315,44
E01000651,1079,27
E01000652,1158,19
E01000653,1093,38
E01000654,959,21
E01000655,979,29
E01000656,1070,25
E01000657,1171,30
E01000658,1006,18
E01000659,1112,21
E01000661,1108,108
E01000662,1220,86
E01000663,1104,52
E01000664,1136,64
E01000665,1296,43
E01000666,1304,24
E01000667,1118,28
E01000668,1193,39
E01000669,1194,47
E01000670,1461,51
E01000671,1264,46
E01000672,1093,23
E01000673,1118,34
E01000674,1174,52
E01000676,1293,84
E01000677,1325,52
E01000678,1239,42
E01000679,1188,27
E01000680,1192,22
E01000681,1221,19
E01000682,1035,20
E01000683,1170,60
E01000684,1456,42
E01000685,1107,39
E01000686,1069,27
E01000687,1161,33
E01000688,985,24
E01000689,974,55
E01000690,1014,30
E01000691,1043,37
E01000692,1162,33
E01000693,1019,28
E01000694,1069,25
E01000695,1262,22
E01000696,1000,21
E01000697,996,22
E01000698,875,25
E01000699,1096,90
E01000700,1147,42
E01000701,1028,45
E01000702,1031,36
E01000703,1193,26
E01000704,1039,40
E01000705,982,64
E01000706,968,32
E01000707,740,11
E01000708,1376,51
E01000709,988,40
E01000710,1296,40
E01000711,1390,44
E01000712,1297,25
E01000713,1338,35
E01000714,1500,44
E01000715,1236,21
E01000716,1104,37
E01000717,1295,33
E01000718,1514,117
E01000719,990,64
E01000720,1143,121
E01000721,1237,135
E01000722,1173,60
E01000723,914,30
E01000724,1130,131
E01000725,1174,67
E01000726,947,29
E01000727,1114,44
E01000728,1071,67
E01000729,1238,146
E01000730,1143,115
E01000731,940,61
E01000732,1052,50
E01000733,1138,52
E01000734,945,36
E01000735,1034,95
E01000736,1068,53
E01000737,925,69
E01000738,1055,41
E01000739,995,95
E01000741,1289,94
E01000742,1608,109
E01000743,1300,143
E01000744,1072,139
E01000745,1370,91
E01000746,1466,90
E01000747,1374,60
E01000748,1190,40
E01000749,1132,24
E01000750,1088,61
E01000751,1368,76
E01000752,1050,35
E01000753,1186,21
E01000754,1165,33
E01000755,1027,20
E01000756,1094,21
E01000757,1097,13
E01000758,1037,18
E01000759,1113,19
E01000760,1029,28
E01000761,1131,24
E01000762,1156,43
E01000763,1047,20
E01000764,1122,28
E01000765,1221,29
E01000766,1213,21
E01000767,1144,20
E01000768,1116,30
E01000769,1063,95
E01000770,998,26
E01000771,1188,39
E01000772,1016,27
E01000773,1006,27
E01000774,1062,30
E01000775,1547,39
E01000777,1098,28
E01000778,1122,48
E01000779,929,43
E01000780,1058,74
E01000781,998,73
E01000782,979,94
E01000783,1019,89
E01000784,1095,33
E01000785,974,61
E01000786,986,27
E01000787,1000,44
E01000788,1122,57
E01000789,1121,142
E01000790,1481,68
E01000791,991,28
E01000792,773,33
E01000793,1131,28
E01000794,1124,25
E01000795,984,44
E01000796,1157,142
E01000797,1210,52
E01000798,1112,163
E01000799,1489,98
E01000800,1238,111
E01000801,1052,65
E01000802,1326,90
E01000803,1200,72
E01000804,1055,31
E01000805,922,58
E01000806,1262,118
E01000807,1098,36
E01000808,1115,29
E01000809,1053,25
E01000810,1078,25
E01000811,979,19
E01000812,1136,45
E01000813,1118,39
E01000814,1156,21
E01000815,1105,15
E01000816,1102,51
E01000818,1072,32
E01000819,1183,101
E01000820,1017,49
E01000822,1196,53
E01000823,1295,48
E01000824,900,37
E01000825,1189,79
E01000826,1163,17
E01000827,1196,34
E01000828,1131,28
E01000829,1264,36
E01000830,1089,28
E01000831,1158,37
E01000832,1056,33
E01000833,998,20
E01000834,956,17
E01000835,1119,24
E01000836,983,19
E01000837,1017,25
E01000838,982,18
E01000839,1106,21
E01000840,1048,21
E01000841,1108,24
E01032562,1021,92
E01032563,1002,39
E01032568,1059,50
E01032570,1124,33
E01034383,896,61
E01034384,443,25
E01034385,851,28
E01034386,375,16
E01000842,1175,39
E01000843,1299,88
E01000844,1408,39
E01000845,1166,54
E01000846,1027,131
E01000847,1171,150
E01000848,1273,40
E01000849,1274,39
E01000850,1548,49
E01000851,2206,54
E01000853,1231,130
E01000855,1623,51
E01000856,1246,183
E01000857,1122,51
E01000858,1457,195
E01000859,1289,38
E01000860,892,49
E01000861,1339,93
E01000862,1507,34
E01000863,1290,83
E01000866,1606,112
E01000867,1225,135
E01000868,1014,159
E01000869,1733,119
E01000870,1357,110
E01000871,1267,103
E01000872,1623,94
E01000873,1317,47
E01000874,1245,31
E01000875,1394,81
E01000876,1359,164
E01000877,1296,72
E01000878,1289,59
E01000879,1119,35
E01000880,1104,29
E01000881,1162,58
E01000882,1198,31
E01000883,1065,65
E01000884,1056,30
E01000885,1018,46
E01000886,1112,50
E01000887,1190,55
E01000888,1204,67
E01000889,1216,172
E01000890,1186,185
E01000891,1138,183
E01000892,1372,90
E01000893,1194,36
E01000894,1034,31
E01000895,1201,42
E01000896,1255,35
E01000897,1161,24
E01000898,1377,89
E01000899,1201,41
E01000900,1400,153
E01000901,1418,198
E01000902,1026,139
E01000903,1148,78
E01000904,1640,158
E01000905,1392,217
E01000906,1246,48
E01000907,1062,111
E01000908,1184,100
E01000909,1253,61
E01000910,1133,42
E01000911,1133,81
E01000912,1235,113
E01000913,1286,29
E01000914,1524,70
E01000915,1158,142
E01000916,1492,89
E01000917,1415,196
E01000918,1800,136
E01000919,1797,108
E01000920,1619,107
E01000921,1662,98
E01000922,1260,92
E01000923,1179,84
E01000924,1382,77
E01000925,1084,157
E01000926,1490,101
E01000927,1419,80
E01000928,1264,91
E01000929,1188,172
E01000930,1415,164
E01000931,1494,189
E01000932,1605,80
E01000933,1414,79
E01000934,1178,149
E01000935,1000,136
E01000937,1322,65
E01000938,1354,138
E01000939,897,168
E01000941,933,142
E01000942,1957,58
E01000943,923,64
E01000944,1552,154
E01000946,1199,82
E01000947,1715,146
E01000948,1380,79
E01000949,1201,120
E01000951,1106,157
E01000952,1318,160
E01000954,1097,203
E01000955,1141,141
E01000956,1150,160
E01000957,1379,166
E01000958,1820,202
E01000959,1252,152
E01000960,1380,107
E01000961,1123,150
E01000962,1330,44
E01000963,1416,141
E01000964,1220,88
E01000965,1243,61
E01000966,1237,30
E01000967,1031,74
E01000968,1275,70
E01000969,1720,57
E01000970,1331,41
E01000971,1177,47
E01000972,1611,158
E01000973,1613,116
E01000974,1414,122
E01035707,2606,123
E01035708,0,0
E01035709,1256,178
E01035710,2550,302
E01035711,3034,152
E01035712,2344,250
E01000975,1287,92
E01000976,1452,104
E01000977,1350,125
E01000978,1424,89
E01000979,1348,50
E01000980,1045,66
E01000981,1187,73
E01000982,1213,94
E01000983,1311,60
E01000984,1325,101
E01000985,1085,49
E01000986,1262,58
E01000987,1088,35
E01000989,1235,35
E01000990,1000,123
E01000991,1212,44
E01000992,1370,127
E01000993,1194,54
E01000994,1153,119
E01000995,1137,120
E01000996,949,66
E01000997,1005,121
E01000998,1170,119
E01000999,1016,90
E01001000,945,85
E01001001,861,101
E01001002,969,74
E01001003,1081,94
E01001004,1470,156
E01001005,1172,136
E01001006,1045,87
E01001007,1396,176
E01001008,1326,143
E01001009,1046,126
E01001010,1040,118
E01001011,1409,167
E01001012,1440,207
E01001013,1445,203
E01001015,1036,53
E01001016,1227,56
E01001017,1208,50
E01001018,1113,25
E01001019,1088,33
E01001020,1159,35
E01001021,858,65
E01001022,1001,42
E01001023,957,56
E01001024,1062,34
E01001025,940,31
E01001026,1245,34
E01001027,1140,51
E01001028,1188,56
E01001029,1183,97
E01001030,1020,46
E01001031,1087,37
E01001032,968,19
E01001033,1180,66
E01001034,1184,43
E01001035,1399,96
E01001036,1114,85
E01001037,1033,67
E01001038,1488,72
E01001039,1091,39
E01001040,1287,69
E01001041,1203,74
E01001042,1417,133
E01001044,1392,83
E01001046,1310,77
E01001047,1352,64
E01001049,1058,68
E01001050,1123,87
E01001051,996,104
E01001052,918,104
E01001053,1022,92
E01001054,1171,131
E01001055,1098,110
E01001056,1323,195
E01001057,855,134
E01001058,941,34
E01001059,1086,37
E01001060,1152,51
E01001061,1124,62
E01001062,1156,36
E01001063,1167,34
E01001064,1173,34
E01001065,1026,38
E01001066,910,101
E01001067,1174,38
E01001068,1379,60
E01001069,969,32
E01001070,1164,71
E01001071,1374,48
E01001072,1035,26
E01001073,1109,56
E01001074,1464,86
E01001075,1084,49
E01001076,1086,104
E01001077,1032,46
E01001078,966,79
E01001079,1113,98
E01001080,1062,141
E01001081,957,96
E01001082,1102,107
E01001083,1158,79
E01001084,1314,89
E01001085,1138,88
E01001086,1317,114
E01001087,1692,160
E01001088,1205,90
E01001089,1293,137
E01001090,1629,140
E01001091,1187,93
E01001092,1221,125
E01001093,1233,75
E01001094,1142,70
E01001095,1112,49
E01001096,1145,39
E01001097,1594,98
E01001098,1063,45
E01001099,1084,80
E01001100,1093,22
E01001101,1035,27
E01001102,996,27
E01001103,1127,46
E01001104,1224,31
E01001105,1194,53
E01001106,1051,46
E01001107,1213,34
E01001108,1235,31
E01001109,1367,158
E01001110,1335,142
E01001111,1166,85
E01001112,1215,114
E01001113,1299,104
E01001114,961,120
E01001115,1172,161
E01001116,973,94
E01001118,1354,165
E01001119,1135,22
E01001120,931,22
E01001121,1030,26
E01001122,1205,37
E01001123,1068,27
E01001124,1159,32
E01001125,1254,77
E01001126,1061,27
E01001127,1210,40
E01001128,1071,119
E01001129,1092,20
E01001130,1053,166
E01001131,1127,39
E01001132,1111,43
E01001133,1053,55
E01001134,1234,48
E01001135,1211,41
E01001136,1401,160
E01001137,1340,100
E01001138,1180,49
E01001139,1196,75
E01001140,1211,81
E01001141,909,66
E01001142,1119,62
E01001143,1371,133
E01001144,1250,143
E01001145,1210,110
E01001146,1190,89
E01001147,1105,133
E01001148,1158,106
E01001149,1102,92
E01001150,1186,76
E01001151,1138,140
E01001152,1176,131
E01001153,1160,81
E01001154,1353,158
E01001155,1169,158
E01001156,1183,100
E01001157,1259,91
E01001158,1141,80
E01001159,1339,81
E01001160,1437,122
E01001161,1327,200
E01001162,1261,112
E01001163,1417,77
E01001164,1550,93
E01001165,1238,68
E01001166,1328,101
E01001167,1599,122
E01001168,1318,63
E01001169,1142,95
E01001170,1496,104
E01001171,1124,79
E01001172,1198,149
E01001173,1856,120
E01001174,1146,96
E01001175,1093,124
E01001176,1321,145
E01001177,1132,111
E01001178,959,154
E01001179,1071,79
E01001180,1205,133
E01001181,1290,136
E01001182,1009,98
E01001183,1168,116
E01001184,995,64
E01001185,1231,74
E01001186,1280,137
E01001187,1430,115
E01001188,1306,134
E01001189,879,52
E01001190,1448,104
E01001191,1319,144
E01001192,819,71
E01001193,1225,115
E01001194,1141,64
E01032569,1180,126
E01034139,922,137
E01034140,1106,98
E01034141,389,23
E01034142,866,80
E01034143,216,19
E01034144,483,40
E01034145,897,90
E01034146,572,25
E01034147,0,0
E01034148,0,0
E01034149,1457,125
E01034150,570,26
E01034151,462,30
E01034152,1020,114
E01001195,1372,120
E01001196,1276,157
E01001197,1228,116
E01001198,1130,61
E01001199,1311,100
E01001200,1177,84
E01001201,1211,78
E01001202,1552,167
E01001203,1424,135
E01001204,1191,77
E01001205,1151,136
E01001206,1133,227
E01001207,1258,78
E01001208,937,40
E01001209,1235,42
E01001210,1174,219
E01001211,1270,85
E01001212,1207,83
E01001213,1407,213
E01001214,1350,129
E01001215,1285,208
E01001216,1158,146
E01001217,1147,100
E01001218,1350,195
E01001219,1380,269
E01001220,996,224
E01001223,1220,73
E01001224,1210,37
E01001225,1385,62
E01001226,1166,54
E01001227,1137,55
E01001228,1446,86
E01001229,1126,114
E01001230,1233,85
E01001231,1444,73
E01001232,1182,94
E01001233,1123,58
E01001234,1156,58
E01001235,1333,52
E01001236,1251,67
E01001237,1271,62
E01001239,1203,147
E01001240,1230,130
E01001241,1157,111
E01001242,1043,113
E01001243,1230,137
E01001244,1744,182
E01001245,1710,77
E01001246,1000,104
E01001247,1688,166
E01001248,1172,87
E01001249,1776,211
E01001250,1619,170
E01001251,1266,69
E01001252,1474,98
E01001253,1250,79
E01001254,1257,64
E01001255,1200,67
E01001257,1430,241
E01001258,1242,109
E01001259,1094,106
E01001260,1406,124
E01001261,1667,184
E01001262,1107,127
E01001263,975,105
E01001264,1131,128
E01001265,1264,114
E01001266,1404,116
E01001267,1665,181
E01001268,943,63
E01001269,1465,83
E01001270,1281,106
E01001271,1345,135
E01001272,1213,94
E01001273,1208,83
E01001274,1140,124
E01001275,1508,124
E01001276,1372,120
E01001277,1438,108
E01001278,1461,155
E01001279,1092,41
E01001280,1315,99
E01001281,1091,21
E01001282,1095,116
E01001283,1120,125
E01001284,1139,54
E01001285,1221,105
E01001286,1171,92
E01001287,1014,135
E01001288,1091,52
E01001289,1002,57
E01001290,1423,61
E01001291,960,97
E01001292,1289,100
E01001293,1441,157
E01001294,1457,154
E01001295,1376,156
E01001296,1115,123
E01001297,1366,167
E01001298,1400,202
E01001299,1341,55
E01001300,1227,29
E01001301,1481,54
E01001302,1220,50
E01001303,1243,41
E01001304,1283,38
E01001305,1292,42
E01001306,1223,38
E01001307,1400,103
E01001308,1541,108
E01001309,1366,109
E01001310,1346,120
E01001311,1494,173
E01001312,1360,107
E01001313,1295,95
E01001314,1194,71
E01001315,1091,82
E01001316,1105,136
E01001317,1302,146
E01001318,1217,145
E01001319,1071,94
E01001320,1021,123
E01001321,1449,133
E01001322,1289,119
E01001323,1304,106
E01001324,1133,135
E01001325,1225,133
E01001326,1169,151
E01001327,1288,171
E01001328,1184,170
E01001329,1208,122
E01001330,1127,165
E01001331,1118,202
E01001332,1091,164
E01001333,1382,247
E01001334,1145,194
E01001335,1308,110
E01001336,1183,146
E01001337,1129,124
E01001338,1417,289
E01001339,1295,224
E01001340,1521,317
E01001341,1283,115
E01001342,1410,126
E01001343,1135,106
E01001344,1639,135
E01001345,1225,147
E01001346,1388,99
E01001347,1189,90
E01001348,1207,76
E01001349,1057,126
E01001350,1131,87
E01001351,1486,129
E01001352,1171,67
E01001353,1296,107
E01001354,1398,94
E01001355,1327,100
E01001356,1334,253
E01001357,787,103
E01001358,1065,212
E01001359,1594,271
E01001360,1437,200
E01001361,1334,238
E01001362,1511,234
E01001363,1198,203
E01001364,1253,223
E01001365,1652,276
E01001366,1434,223
E01001367,1327,210
E01001368,1266,186
E01001369,1405,222
E01001370,1503,223
E01001371,1480,224
E01001372,1341,227
E01001373,1096,158
E01001374,1424,75
E01001375,1276,24
E01001376,1283,83
E01001377,1299,45
E01001379,1278,22
E01001380,1401,47
E01001381,1346,77
E01001382,1106,36
E01001383,1424,71
E01001384,1316,49
E01001385,1292,44
E01001386,1366,45
E01001387,1223,73
E01001388,1249,115
E01001389,1348,102
E01032572,1300,47
E01032743,1473,180
E01032744,1013,131
E01034026,805,70
E01034027,1580,173
E01034028,990,87
E01034029,961,66
E01034030,1625,65
E01034031,0,0
E01001390,1590,64
E01001391,1269,106
E01001392,1434,65
E01001393,1722,118
E01001394,1257,143
E01001395,1138,158
E01001396,1078,91
E01001397,1462,160
E01001398,1036,41
E01001399,1080,32
E01001400,836,40
E01001401,939,51
E01001402,1408,101
E01001403,1404,81
E01001404,1068,82
E01001405,1238,71
E01001406,1190,92
E01001407,935,55
E01001408,1235,60
E01001409,1355,175
E01001410,1430,190
E01001411,1319,78
E01001412,1336,87
E01001413,1153,37
E01001414,1077,118
E01001415,1110,69
E01001416,1584,76
E01001417,1433,47
E01001418,1218,77
E01001419,1175,76
E01001420,1142,123
E01001421,1181,131
E01001422,1196,43
E01001423,980,145
E01001424,1098,193
E01001425,1255,237
E01001426,1282,218
E01001427,1228,257
E01001428,1145,194
E01001429,1651,362
E01001430,1196,282
E01001431,1095,212
E01001432,1344,186
E01001433,1240,173
E01001434,1109,108
E01001435,1042,93
E01001436,1314,148
E01001437,1598,227
E01001438,1183,157
E01001439,1367,233
E01001440,1152,136
E01001441,1093,165
E01001442,1047,185
E01001444,1215,112
E01001445,1631,208
E01001446,1291,147
E01001447,1373,235
E01001448,1292,185
E01001449,1108,138
E01001450,1403,96
E01001451,1148,43
E01001452,765,32
E01001453,1200,54
E01001454,1125,52
E01001455,1143,41
E01001456,1229,35
E01001457,1209,47
E01001458,1252,268
E01001459,1208,134
E01001460,1164,216
E01001461,1204,193
E01001462,979,147
E01001463,1136,111
E01001464,926,122
E01001465,1101,118
E01001466,1221,169
E01001467,1314,180
E01001468,995,92
E01001469,1186,90
E01001470,1126,48
E01001471,1333,75
E01001472,1464,66
E01001473,1099,80
E01001474,1166,33
E01001475,1218,64
E01001476,1173,145
E01001477,1254,168
E01001478,1103,105
E01001479,1188,151
E01001480,1133,126
E01001481,1172,153
E01001482,1296,197
E01001483,871,148
E01001484,931,89
E01001485,969,139
E01001486,1434,258
E01001487,1309,190
E01001488,1292,181
E01001489,1249,158
E01001491,1378,199
E01001492,1614,220
E01001493,1314,157
E01001494,1130,95
E01001495,1372,71
E01001496,1267,79
E01001497,1059,127
E01001498,1518,115
E01001499,1218,120
E01001500,1127,68
E01001501,1411,120
E01001502,1388,162
E01001503,1289,167
E01001504,1084,144
E01001505,1241,178
E01001507,1336,219
E01001508,1396,219
E01001509,1236,180
E01001511,1227,104
E01001512,1275,80
E01001513,1208,129
E01001514,1317,106
E01001515,1350,210
E01001516,1286,139
E01001517,1271,240
E01001518,1330,80
E01001520,1258,89
E01001521,1311,63
E01001522,1278,91
E01001523,1215,78
E01001524,1124,113
E01001525,1352,91
E01001526,1165,54
E01001527,1191,69
E01001528,1085,149
E01001529,1166,121
E01001530,968,73
E01001531,1113,59
E01001532,1340,50
E01001533,1101,52
E01001534,1224,77
E01001535,1091,51
E01001536,1280,66
E01001537,1225,68
E01001538,1221,46
E01001539,1216,58
E01001540,1328,67
E01001541,1104,37
E01001542,1102,97
E01001543,1176,57
E01001544,1144,69
E01001545,1233,187
E01001546,1263,137
E01001547,1255,167
E01001548,1264,171
E01001549,1317,243
E01001550,1147,140
E01001551,1177,185
E01001552,1266,96
E01001553,1098,212
E01001554,1242,263
E01001555,1273,189
E01001556,1155,109
E01001557,1096,139
E01001558,1059,182
E01001559,1444,231
E01001560,1164,162
E01001562,1240,255
E01001563,1240,82
E01001564,1203,49
E01001565,1221,71
E01001566,1308,90
E01001567,1119,27
E01001568,1185,71
E01001569,1344,67
E01001570,1324,85
E01032574,1388,185
E01033146,1083,202
E01033148,1295,205
E01033150,1145,145
E01033151,997,203
E01033926,2073,399
E01033927,1039,74
E01033928,902,42
E01001571,1195,97
E01001572,1204,80
E01001573,1092,83
E01001574,1191,183
E01001575,1097,141
E01001576,1097,167
E01001577,1202,156
E01001578,1498,162
E01001579,1113,110
E01001580,1379,40
E01001581,1316,56
E01001582,1028,88
E01001583,1262,37
E01001584,1120,34
E01001585,1136,56
E01001586,1068,60
E01001587,1484,65
E01001588,1182,101
E01001589,1241,127
E01001590,1384,79
E01001591,1446,201
E01001592,1327,61
E01001593,1254,52
E01001594,1342,158
E01001595,1335,144
E01001596,1140,48
E01001597,1157,90
E01001598,1216,46
E01001599,1232,63
E01001600,1192,69
E01001601,1116,56
E01001602,1322,121
E01001603,1159,95
E01001604,1075,36
E01001605,1174,36
E01001606,1212,36
E01001607,1082,59
E01001608,1043,33
E01001609,1152,73
E01001610,1248,59
E01001611,1188,63
E01001613,1165,57
E01001614,1065,34
E01001615,1147,56
E01001617,1164,47
E01001618,1116,84
E01001619,1403,80
E01001620,1135,134
E01001621,1126,95
E01001623,1266,120
E01001624,1156,78
E01001625,1153,122
E01001629,1585,204
E01001631,1453,208
E01001632,1800,217
E01001633,1160,156
E01001634,1157,172
E01001635,1279,195
E01001636,1320,234
E01001637,1312,144
E01001638,1388,141
E01001641,1368,70
E01001642,1336,44
E01001644,1812,96
E01001645,990,76
E01001646,2131,159
E01001647,1079,83
E01001648,1561,111
E01001649,1145,96
E01001650,1275,104
E01001651,1225,128
E01001652,1156,67
E01001653,1092,123
E01001654,1052,98
E01001655,1069,110
E01001656,897,65
E01001657,1120,60
E01001658,1113,69
E01001659,1082,75
E01001660,1133,106
E01001661,1088,82
E01001664,1498,74
E01001665,1511,94
E01001666,1326,86
E01001669,1349,122
E01001671,1136,92
E01001672,1494,181
E01001673,1430,242
E01001674,1388,155
E01001675,1524,192
E01001676,1232,161
E01001677,1432,127
E01001678,1213,78
E01001679,996,45
E01001680,1152,60
E01001681,723,55
E01001682,977,63
E01001683,1322,162
E01001684,1067,89
E01001685,1142,161
E01001686,1318,148
E01001687,878,91
E01001688,1681,191
E01001690,1378,121
E01001692,969,126
E01001693,1072,133
E01001694,1215,135
E01001695,1205,165
E01001696,950,167
E01001697,1507,181
E01001698,1240,175
E01001699,1416,139
E01001700,1447,161
E01001701,1016,107
E01001702,1066,187
E01001703,1284,247
E01001704,1229,136
E01001705,1360,200
E01001708,1179,87
E01001710,1129,190
E01001712,1483,199
E01032567,1222,89
E01033727,2102,165
E01033728,1069,19
E01033729,2400,142
E01033732,842,46
E01033734,1019,73
E01033735,867,70
E01033736,1001,32
E01033737,1049,146
E01033738,829,34
E01033739,1047,97
E01033740,1077,78
E01033741,1901,381
E01033742,1089,112
E01033743,1262,130
E01033744,1277,151
E01033745,1204,111
E01033746,1129,59
E01034173,2115,326
E01034174,272,28
E01034175,288,56
E01034176,1138,124
E01034177,0,0
E01034178,0,0
E01034179,831,77
E01034180,977,123
E01034181,519,18
E01034182,494,46
E01034183,455,22
E01034184,241,6
E01034185,638,21
E01034186,223,1
E01034187,653,27
E01034188,0,0
E01034189,0,0
E01034190,1163,147
E01034191,235,30
E01034192,1440,95
E01034193,0,0
E01034194,312,8
E01034195,0,0
E01034196,653,31
E01034198,1980,220
E01001714,1149,161
E01001715,1192,61
E01001716,1090,96
E01001717,932,102
E01001718,1597,49
E01001719,873,103
E01001720,1526,61
E01001722,1472,212
E01001723,1473,160
E01001724,1817,153
E01001725,1174,175
E01001726,926,164
E01001727,1242,147
E01001728,1193,214
E01001729,1474,233
E01001730,1338,255
E01001731,1768,206
E01001732,1214,223
E01001733,1411,147
E01001734,1500,156
E01001735,1229,132
E01001736,1310,121
E01001737,1462,100
E01001738,1414,99
E01001739,1675,109
E01001740,1138,190
E01001741,1149,58
E01001742,1416,129
E01001744,1467,136
E01001745,1715,246
E01001746,1119,202
E01001747,1792,162
E01001749,1411,85
E01001750,1504,141
E01001751,1318,40
E01001753,1185,217
E01001755,1320,182
E01001756,1856,95
E01001757,1262,199
E01001758,1548,228
E01001759,1427,138
E01001760,1408,148
E01001761,1450,174
E01001762,1508,139
E01001763,1312,140
E01001764,1331,156
E01001765,1211,238
E01001767,1242,170
E01001768,1493,151
E01001769,1310,131
E01001770,1333,226
E01001772,789,126
E01001773,1621,234
E01001774,1647,183
E01001775,1331,197
E01001776,1155,184
E01001777,1874,196
E01001780,1456,165
E01001781,1285,197
E01001783,1451,228
E01001784,1884,191
E01001785,1135,157
E01001786,1264,217
E01001787,1043,195
E01001788,1067,190
E01001789,1343,138
E01001790,914,182
E01001791,1109,190
E01001792,1354,170
E01001793,1345,121
E01001794,1470,173
E01001795,1166,129
E01001796,1356,155
E01001798,1261,225
E01001799,743,96
E01001800,1252,217
E01001801,1006,128
E01001802,855,134
E01001803,1340,96
E01001804,953,148
E01001805,995,70
E01001806,1209,123
E01001807,1275,173
E01001808,1129,194
E01001809,1205,171
E01001811,1080,216
E01001812,1138,203
E01001813,943,137
E01001814,1113,148
E01001815,1329,204
E01001816,1250,115
E01001819,1260,103
E01001820,1126,171
E01001821,1108,170
E01001822,1232,246
E01001823,1087,213
E01001824,932,188
E01001825,895,145
E01001826,1082,190
E01001827,1224,226
E01001828,1427,251
E01001829,1369,72
E01001830,1556,176
E01001831,1388,96
E01001832,1339,129
E01001833,1696,191
E01001834,1680,132
E01001835,1031,70
E01001836,1391,147
E01001837,1200,63
E01001838,1179,243
E01001839,1861,152
E01001840,1211,204
E01001841,1073,119
E01001842,1185,166
E01001843,944,92
E01001844,1595,126
E01001845,1137,178
E01001846,897,127
E01001847,858,108
E01001848,1212,171
E01001849,1799,233
E01001850,1194,225
E01033699,1069,85
E01033700,1361,109
E01033702,839,124
E01033703,1114,145
E01033704,1376,72
E01033705,1012,132
E01033706,1402,46
E01033708,1528,37
E01033709,1397,87
E01033710,853,99
E01033711,1016,30
E01033712,1267,131
E01033713,1074,155
E01035638,784,170
E01035639,644,108
E01035640,1337,127
E01035641,631,46
E01035642,874,84
E01035643,1263,104
E01035644,673,41
E01035645,1029,148
E01035646,1309,150
E01035647,625,29
E01035648,1282,201
E01035649,602,40
E01035650,2083,246
E01001851,1267,33
E01001852,1595,57
E01001853,1245,51
E01001854,1458,81
E01001855,1452,74
E01001856,1018,118
E01001857,1185,140
E01001858,1441,93
E01001859,1945,193
E01001860,1416,154
E01001861,1179,110
E01001862,1434,140
E01001863,1216,59
E01001864,1264,85
E01001865,1356,73
E01001866,1307,84
E01001867,1079,74
E01001868,1050,113
E01001869,1290,50
E01001870,1732,85
E01001871,1361,95
E01001872,1426,93
E01001873,1175,88
E01001875,1325,186
E01001876,1683,225
E01001877,1041,103
E01001878,1174,152
E01001879,1225,88
E01001880,1223,71
E01001881,1338,39
E01001882,1517,63
E01001883,1241,78
E01001884,1485,89
E01001885,954,174
E01001886,1258,112
E01001887,1248,66
E01001888,1316,49
E01001889,1193,53
E01001890,1590,45
E01001891,1797,57
E01001892,1068,86
E01001893,961,115
E01001894,1074,105
E01001895,1258,55
E01001896,1295,78
E01001897,1088,41
E01001898,1322,82
E01001899,1068,140
E01001900,1360,108
E01001901,1268,49
E01001902,1466,69
E01001903,1313,131
E01001904,1308,47
E01001905,1360,39
E01001906,1235,32
E01001907,1010,39
E01001908,1484,93
E01001909,1507,99
E01001910,1351,62
E01001911,1312,157
E01001912,1203,168
E01001913,1406,19
E01001914,1555,86
E01001915,1053,23
E01001916,1019,27
E01001917,1150,46
E01001918,1184,45
E01001919,1149,46
E01001920,1207,77
E01001921,1241,80
E01001922,1227,52
E01001923,1181,54
E01001924,1197,34
E01001925,1183,32
E01001926,1136,29
E01001927,1105,37
E01001928,1289,100
E01001929,979,30
E01001930,1392,121
E01001931,1153,102
E01001932,1355,81
E01001933,1037,71
E01001934,1231,100
E01001935,2002,114
E01001937,1180,43
E01001938,1147,94
E01001940,1291,116
E01001941,1491,103
E01001942,1553,112
E01001943,1653,143
E01001944,1278,197
E01001945,1381,88
E01001946,1316,95
E01001947,1061,145
E01001948,1610,84
E01001949,1256,43
E01001950,1226,45
E01001951,1313,77
E01001952,1419,44
E01001953,1104,68
E01001954,1153,96
E01001955,1289,215
E01001956,1206,105
E01001957,1171,175
E01001958,1168,191
E01001959,1242,171
E01001960,1557,82
E01001961,1056,195
E01032788,876,74
E01032789,928,57
E01032790,826,81
E01035484,1024,64
E01035485,698,46
E01035486,854,63
E01035487,984,61
E01001962,1247,90
E01001963,1298,68
E01001964,1272,57
E01001965,1205,45
E01001966,1131,36
E01001967,1483,46
E01001968,1152,41
E01001969,1489,159
E01001970,1489,197
E01001971,1476,245
E01001972,1270,123
E01001973,1682,117
E01001974,1777,130
E01001975,1410,104
E01001976,1404,192
E01001977,1126,163
E01001978,1161,192
E01001979,1610,248
E01001980,1463,197
E01001981,1332,184
E01001982,1351,159
E01001983,1237,146
E01001984,1303,43
E01001985,1299,51
E01001986,1284,38
E01001987,1466,33
E01001988,1431,52
E01001989,1338,50
E01001990,1842,50
E01001991,1233,35
E01001992,1241,43
E01001993,1142,34
E01001994,1366,61
E01001995,1667,166
E01001996,1220,55
E01001997,1290,47
E01001998,1726,115
E01001999,1652,155
E01002000,1343,97
E01002001,1406,101
E01002002,1510,127
E01002003,1674,228
E01002004,1538,135
E01002005,1444,31
E01002006,1365,45
E01002007,1295,37
E01002008,1113,59
E01002009,1387,35
E01002010,1214,58
E01002011,1381,68
E01002013,1292,62
E01002014,1407,99
E01002015,933,117
E01002016,1543,83
E01002017,1469,112
E01002018,1021,98
E01002019,1018,33
E01002020,1233,62
E01002021,1133,41
E01002022,1584,60
E01002023,1092,32
E01002024,963,51
E01002025,1268,40
E01002026,1195,219
E01002027,1192,120
E01002028,1398,116
E01002029,1368,160
E01002030,1294,120
E01002031,1574,165
E01002032,1363,191
E01002033,1384,199
E01002034,1288,287
E01002036,1136,231
E01002037,1340,285
E01002038,1137,227
E01002039,1071,253
E01002040,1447,220
E01002041,1324,235
E01002042,1183,102
E01002043,1539,191
E01002044,1435,122
E01002045,1684,230
E01002046,1257,147
E01002047,1394,100
E01002048,1525,189
E01002049,1405,198
E01002050,1083,123
E01002051,1286,149
E01002052,1112,180
E01002053,1286,195
E01002054,1525,263
E01002055,985,103
E01002056,1248,126
E01002057,1225,148
E01002058,1393,136
E01002059,1255,101
E01002060,1403,40
E01002061,1401,47
E01002062,1545,76
E01002063,1270,75
E01002064,1193,105
E01002065,1444,61
E01002066,1328,215
E01002067,1293,205
E01002068,1480,169
E01002069,1544,211
E01002070,1538,197
E01002071,1158,173
E01002072,1467,208
E01002073,1315,192
E01002074,1426,274
E01002075,1289,202
E01002076,1388,194
E01002077,1486,213
E01002078,1657,216
E01002079,1179,162
E01002081,1328,247
E01002082,1073,207
E01002083,1153,104
E01002084,1272,106
E01002085,1676,202
E01002086,1239,208
E01002087,1268,170
E01002088,1437,165
E01002089,1057,222
E01002090,1161,168
E01002091,1212,245
E01002092,1219,226
E01002093,1239,222
E01002094,1070,177
E01002095,1132,187
E01002096,1106,163
E01002097,1105,186
E01002098,1083,65
E01002099,1496,265
E01002100,1421,180
E01002101,1507,176
E01002102,1502,160
E01002103,1429,140
E01002104,1086,123
E01002105,1654,139
E01032575,1296,269
E01033086,786,159
E01033943,938,107
E01033944,318,45
E01033945,1119,106
E01033946,354,23
E01002106,1529,105
E01002107,1287,73
E01002108,1303,83
E01002109,1330,70
E01002110,1293,82
E01002111,1562,141
E01002112,1361,72
E01002113,1106,56
E01002114,1302,110
E01002115,1111,78
E01002116,1200,59
E01002118,1258,103
E01002119,1266,136
E01002120,952,131
E01002121,1305,136
E01002122,1271,112
E01002123,1322,122
E01002124,1256,115
E01002125,1303,118
E01002127,1325,80
E01002128,1614,145
E01002129,1606,148
E01002130,1786,167
E01002131,1231,115
E01002132,1563,86
E01002133,1488,206
E01002134,1101,86
E01002135,1321,119
E01002136,1250,94
E01002137,1160,18
E01002138,1130,95
E01002139,998,149
E01002140,1237,86
E01002141,1284,78
E01002142,1316,78
E01002143,1120,125
E01002144,1139,70
E01002145,1087,89
E01002146,1050,28
E01002147,982,42
E01002148,1069,73
E01002149,994,26
E01002150,1305,75
E01002151,1008,139
E01002152,1172,45
E01002153,1271,66
E01002155,1183,61
E01002156,1142,52
E01002157,1299,70
E01002158,1076,33
E01002159,1407,121
E01002160,1489,83
E01002161,1486,137
E01002162,1343,109
E01002163,1218,77
E01002164,1315,80
E01002165,1317,122
E01002166,1261,121
E01002167,1226,123
E01002168,1082,110
E01002169,1248,135
E01002170,996,86
E01002171,1282,107
E01002172,1156,98
E01002173,1359,99
E01002174,1192,85
E01002175,1118,76
E01002176,1360,112
E01002177,1069,98
E01002178,1225,91
E01002179,1692,220
E01002181,1413,129
E01002182,1558,146
E01002183,1557,146
E01002184,1373,128
E01002185,1325,154
E01002186,999,71
E01002187,1338,88
E01002188,1121,25
E01002189,1204,54
E01002190,1204,42
E01002191,1414,72
E01002192,1038,43
E01002193,1254,70
E01002194,1223,45
E01002195,1152,55
E01002196,1288,35
E01002197,990,79
E01002198,1361,139
E01002199,1131,104
E01002200,1278,128
E01002201,1316,102
E01002202,1476,212
E01002203,1268,114
E01002204,1275,138
E01002206,1008,93
E01002207,1239,105
E01002208,959,48
E01002209,1217,83
E01002210,1183,86
E01002211,1132,145
E01002212,1256,139
E01002214,1298,155
E01002215,1087,124
E01002216,1178,107
E01002217,1052,152
E01002218,1150,117
E01002219,1282,139
E01002220,1185,100
E01002221,1188,87
E01002222,1156,98
E01002223,1352,117
E01002224,1087,124
E01002225,1056,46
E01002226,1570,99
E01002227,1300,174
E01002228,1492,126
E01002229,1214,80
E01002230,1339,77
E01002231,1367,119
E01002232,1386,111
E01002233,1482,213
E01002234,1265,152
E01002235,1279,177
E01002236,1346,153
E01002237,1283,95
E01002238,1317,81
E01002239,1202,77
E01002240,1268,103
E01002241,1197,112
E01002242,1383,88
E01032576,1222,87
E01034589,1478,116
E01034590,0,0
E01034591,712,88
E01034592,821,102
E01034593,930,60
E01034594,562,41
E01034595,951,74
E01034596,493,32
E01034597,721,62
E01034598,0,0
E01034599,1273,129
E01034600,812,78
E01002243,1333,122
E01002244,1268,82
E01002245,1075,55
E01002246,1176,45
E01002247,1320,83
E01002248,983,68
E01002250,1185,62
E01002251,994,76
E01002252,1058,30
E01002253,1069,14
E01002254,1106,11
E01002255,1069,33
E01002256,1020,27
E01002257,1170,18
E01002258,1128,52
E01002259,1045,34
E01002260,1164,63
E01002261,1184,58
E01002262,1143,49
E01002263,1245,32
E01002264,991,81
E01002265,1127,39
E01002266,990,38
E01002267,1131,58
E01002268,947,31
E01002269,1251,36
E01002270,1226,36
E01002271,1125,46
E01002272,995,30
E01002273,1010,46
E01002274,1199,31
E01002275,1024,35
E01002276,1348,113
E01002277,1111,88
E01002278,1065,92
E01002279,1094,80
E01002280,1058,138
E01002281,1141,119
E01002282,1094,109
E01002283,1002,75
E01002284,1258,82
E01002285,929,26
E01002286,1201,27
E01002287,1165,34
E01002288,1188,19
E01002289,1147,34
E01002290,1084,32
E01002291,1238,35
E01002292,1072,53
E01002294,1094,50
E01002295,1186,58
E01002296,1236,54
E01002297,1107,111
E01002298,1342,42
E01002299,1238,84
E01002300,922,23
E01002301,1184,55
E01002302,1131,43
E01002303,1419,95
E01002304,1025,64
E01002305,1102,59
E01002306,1083,79
E01002307,1184,85
E01002308,1403,97
E01002309,1093,77
E01002310,1176,116
E01002311,1176,83
E01002312,939,55
E01002313,1056,82
E01002314,1104,93
E01002315,1094,86
E01002316,1092,115
E01002317,1134,27
E01002318,1207,31
E01002319,1180,53
E01002320,1319,30
E01002321,1027,34
E01002322,1515,44
E01002323,1190,49
E01002324,1080,51
E01002325,1161,81
E01002326,1072,73
E01002327,1069,52
E01002328,1239,42
E01002329,1489,50
E01002330,908,52
E01002331,859,37
E01002332,1168,60
E01002333,942,38
E01002334,1252,36
E01002335,1063,41
E01002336,1083,34
E01002337,914,17
E01002338,980,36
E01002339,1155,32
E01002340,993,40
E01002341,976,16
E01002342,1121,73
E01002343,1253,45
E01002344,1118,39
E01002345,1175,107
E01002346,1128,80
E01002347,1029,38
E01002348,1140,22
E01002349,1140,34
E01002350,1150,95
E01002351,1191,51
E01002352,1223,56
E01002353,1481,59
E01002354,958,34
E01002355,1071,25
E01002356,1597,148
E01002358,1407,89
E01002359,938,25
E01002360,963,30
E01002361,1264,66
E01002362,1116,34
E01002363,1144,64
E01002364,1017,26
E01002365,955,28
E01002366,1081,27
E01002367,1165,49
E01002368,1141,114
E01002369,1369,74
E01002370,1425,87
E01002371,1156,65
E01002372,1150,36
E01002373,1119,51
E01002374,1099,44
E01002375,1132,83
E01002376,1074,22
E01002377,955,29
E01002378,1471,30
E01002379,1097,33
E01002380,1597,72
E01002381,1129,34
E01002382,1331,37
E01002383,1158,25
E01002384,1089,23
E01002385,1142,21
E01002386,1344,36
E01002387,1127,17
E01002388,1180,20
E01002389,1380,18
E01002390,778,15
E01002391,1072,26
E01032741,893,48
E01032742,948,62
E01033784,1005,34
E01033785,216,20
E01033786,175,4
E01033787,358,24
E01033788,886,43
E01002392,1075,130
E01002393,1391,181
E01002394,1101,143
E01002395,1054,116
E01002396,1241,145
E01002397,1248,179
E01002398,1312,138
E01002399,1172,108
E01002400,1288,135
E01002401,1224,142
E01002402,1075,120
E01002403,1227,144
E01002404,1259,161
E01002405,1401,172
E01002408,1159,91
E01002409,1248,106
E01002410,1308,82
E01002411,1290,80
E01002412,1787,95
E01002413,1093,100
E01002414,3058,51
E01002415,1256,26
E01002416,1267,44
E01002417,1135,44
E01002418,1234,49
E01002419,1107,34
E01002420,1153,64
E01002421,1196,49
E01002422,1010,73
E01002423,1196,46
E01002424,1136,69
E01002425,1333,170
E01002426,1199,102
E01002427,1084,58
E01002428,1054,57
E01002429,989,91
E01002430,1097,24
E01002431,1004,32
E01002432,1153,46
E01002433,1345,67
E01002434,954,17
E01002435,1051,26
E01002436,1157,44
E01002437,1024,22
E01002438,928,26
E01002439,1125,47
E01002440,1015,48
E01002441,1137,61
E01002442,1118,56
E01002443,1208,107
E01002444,1517,161
E01002445,1042,91
E01002446,1171,77
E01002447,1331,98
E01002448,1448,133
E01002449,1395,106
E01002450,1012,38
E01002451,1082,41
E01002452,1136,41
E01002453,1233,48
E01002454,1203,77
E01002455,1259,100
E01002456,1109,70
E01002457,1138,89
E01002458,1020,20
E01002459,1245,53
E01002460,813,16
E01002461,1075,36
E01002462,992,16
E01002463,1122,22
E01002464,1100,33
E01002465,1108,40
E01002466,1177,32
E01002467,999,23
E01002468,1250,33
E01002469,1247,27
E01002470,1212,43
E01002471,1189,30
E01002472,1166,42
E01002473,1191,46
E01002474,1090,53
E01002475,1075,58
E01002476,1160,44
E01002477,933,54
E01002478,1122,58
E01002479,1202,71
E01002480,1275,41
E01002481,1175,78
E01002482,1138,39
E01002483,1264,71
E01002484,1057,48
E01002485,1261,83
E01002486,1485,150
E01002487,1304,126
E01002488,1219,115
E01002489,1329,137
E01002490,1499,142
E01002491,1118,134
E01002492,1161,98
E01002493,1218,152
E01002494,1252,57
E01002495,1753,60
E01002496,1315,66
E01002497,1318,81
E01002498,1021,38
E01002499,1243,65
E01002501,1210,117
E01002502,1321,157
E01002503,1240,145
E01002505,1213,139
E01002506,1302,187
E01002507,1211,131
E01002508,1204,194
E01002509,1047,49
E01002511,1122,69
E01002512,1282,33
E01002513,1024,39
E01002514,1440,56
E01002516,1081,38
E01002518,1060,41
E01002519,1171,73
E01002520,1200,94
E01002521,1307,84
E01002523,1286,83
E01002525,1218,59
E01002526,1334,124
E01002527,1277,95
E01002528,1196,128
E01002529,1536,101
E01002530,830,76
E01002531,1232,76
E01002533,1061,36
E01002534,1030,37
E01002535,1340,42
E01002536,1021,36
E01002537,1072,34
E01002538,1194,56
E01002539,1079,29
E01002540,1211,147
E01002541,1451,90
E01002542,1303,179
E01002543,1160,141
E01002544,1241,107
E01002545,1001,131
E01002546,1140,105
E01002547,1140,149
E01002548,1114,102
E01002549,1612,89
E01002550,1373,87
E01002551,1089,79
E01002552,1155,89
E01002553,1227,100
E01032577,1225,56
E01034601,758,24
E01034602,443,34
E01034603,184,4
E01034604,1112,76
E01034605,572,38
E01034606,1986,52
E01034607,2376,87
E01034608,1139,93
E01034609,816,79
E01034610,1019,113
E01034611,447,51
E01034612,1247,142
E01034613,254,41
E01034614,930,99
E01034615,713,51
E01034616,371,69
E01034617,1331,157
E01002555,1434,78
E01002556,1190,69
E01002557,1293,80
E01002558,1397,133
E01002559,1657,118
E01002560,1231,99
E01002561,957,98
E01002562,1066,105
E01002563,1288,71
E01002564,1386,123
E01002565,2421,59
E01002567,1378,53
E01002569,1383,37
E01002570,1362,64
E01002571,1013,19
E01002572,1202,115
E01002573,1230,36
E01002574,1190,34
E01002575,1316,44
E01002576,1046,57
E01002577,1498,62
E01002578,1103,37
E01002579,1339,49
E01002580,1068,50
E01002581,1492,45
E01002582,1245,47
E01002583,912,104
E01002584,1264,139
E01002585,1246,125
E01002586,1668,132
E01002587,1436,156
E01002588,1200,200
E01002589,1436,191
E01002590,1361,89
E01002591,1256,77
E01002592,1448,111
E01002593,1559,118
E01002594,1422,113
E01002595,1430,105
E01002596,1515,178
E01002598,1328,121
E01002599,1152,119
E01002600,1096,71
E01002601,1205,57
E01002602,1081,36
E01002603,1362,120
E01002604,1149,155
E01002605,1312,115
E01002606,1183,114
E01002607,1361,93
E01002608,1196,104
E01002609,1289,75
E01002610,1096,86
E01002611,1310,84
E01002612,1219,101
E01002613,1287,105
E01002614,1319,66
E01002615,1073,106
E01002616,978,51
E01002617,1206,40
E01002618,1322,108
E01002619,1448,149
E01002620,1295,147
E01002621,1368,151
E01002622,1317,110
E01002623,1208,135
E01002624,1143,118
E01002625,1289,124
E01002626,1263,127
E01002627,1219,187
E01002628,1491,128
E01002629,1525,143
E01002630,1294,113
E01002631,1195,125
E01002632,1351,122
E01002633,1164,153
E01002634,1164,191
E01002635,1325,146
E01002636,1520,175
E01002637,1230,194
E01002638,1277,207
E01002639,1335,89
E01002640,1449,107
E01002641,1485,137
E01002643,1669,141
E01002645,1599,151
E01002646,1421,208
E01002647,1544,193
E01002649,1436,121
E01002650,1684,168
E01002651,1359,110
E01002652,1373,143
E01002653,1388,105
E01002654,1360,74
E01002655,1411,81
E01002656,968,53
E01002657,1379,66
E01002658,988,31
E01002659,1013,62
E01002660,1380,115
E01002661,1469,134
E01002662,1634,125
E01002663,1870,184
E01002665,1202,139
E01002666,1236,118
E01002667,1195,89
E01002668,1516,85
E01002669,1290,110
E01002670,1308,76
E01002671,1242,65
E01002672,1197,127
E01002673,1102,182
E01002674,1285,67
E01002675,2060,101
E01002676,1324,80
E01002677,977,76
E01002678,1451,81
E01002679,1365,56
E01002680,1512,110
E01002681,1558,107
E01002682,1731,117
E01002686,1323,132
E01002687,1153,35
E01002689,1199,65
E01002690,1128,47
E01002691,1212,64
E01002692,1469,81
E01002693,1248,37
E01032573,1577,41
E01033000,1208,133
E01033030,1319,125
E01033081,1020,67
E01033082,954,64
E01033083,1297,126
E01033084,1326,121
E01034032,1037,104
E01034033,847,51
E01034034,786,57
E01034035,1110,44
E01034036,928,91
E01034037,604,46
E01034038,346,28
E01034039,677,66
E01034040,1041,102
E01034041,988,79
E01034042,494,60
E01034043,692,86
E01034044,432,25
E01034045,686,50
E01034046,1343,182
E01002694,1114,159
E01002695,1349,93
E01002696,1535,97
E01002697,1643,173
E01002698,1745,104
E01002699,1053,59
E01002700,1430,60
E01002701,1261,120
E01002702,1554,168
E01002703,1296,127
E01002704,1764,139
E01002706,1536,126
E01002707,1482,90
E01002708,1632,99
E01002709,1389,145
E01002710,1238,171
E01002711,1698,114
E01002712,1562,255
E01002713,1170,150
E01002714,1422,46
E01002715,1108,153
E01002716,1736,206
E01002717,1033,67
E01002718,1417,74
E01002719,1177,41
E01002720,1671,226
E01002721,1346,119
E01002722,1032,114
E01002723,1209,94
E01002724,1795,44
E01002725,1137,89
E01002726,1362,114
E01002727,1364,84
E01002728,1440,89
E01002729,1289,121
E01002730,1509,115
E01002732,1446,251
E01002733,1516,69
E01002734,1180,230
E01002735,1351,101
E01002736,1023,186
E01002737,1369,241
E01002738,1397,113
E01002739,1451,75
E01002740,1461,47
E01002741,1104,154
E01002742,1271,36
E01002743,1239,92
E01002744,1205,70
E01002745,1206,65
E01002747,1333,68
E01002748,1142,148
E01002749,972,75
E01002751,1390,199
E01002752,1162,113
E01002753,1154,120
E01002754,1176,79
E01002755,1012,144
E01002756,1087,75
E01002757,1088,123
E01002758,960,201
E01002759,1276,60
E01002760,1135,170
E01002762,1693,101
E01002763,1201,86
E01002764,1359,136
E01002765,1958,218
E01002766,1366,153
E01002767,1628,161
E01002768,1289,84
E01002769,1702,64
E01002770,1226,78
E01002771,1383,134
E01002772,1481,124
E01002773,826,113
E01002774,1704,148
E01002775,1229,68
E01002776,1254,108
E01002777,1378,96
E01002778,1223,187
E01002779,1563,101
E01002780,1327,118
E01002781,1046,115
E01002782,1058,193
E01002783,1185,132
E01002784,1353,159
E01002785,1497,118
E01002786,1394,150
E01002787,1369,199
E01002788,1575,94
E01002789,1538,52
E01002790,1118,94
E01002791,1255,71
E01002792,1559,69
E01002793,1562,142
E01002794,1477,79
E01002795,1643,139
E01002796,889,64
E01002797,1539,153
E01002798,1640,84
E01002799,1381,169
E01002800,742,132
E01002801,1299,61
E01002802,1214,62
E01002804,1531,187
E01002805,1329,95
E01002806,1274,97
E01002807,1366,144
E01002808,1556,139
E01002809,1300,137
E01002810,1247,142
E01002811,1132,134
E01033486,830,95
E01033487,1055,30
E01033488,972,97
E01033489,1747,32
E01033490,1463,80
E01033491,1449,102
E01033493,1229,18
E01033494,1236,50
E01035651,973,107
E01035652,791,47
E01035653,1043,32
E01035654,168,10
E01035655,1269,93
E01035656,462,19
E01002812,1551,100
E01002813,1376,56
E01002814,1548,186
E01002815,1160,79
E01002816,1073,58
E01002817,1215,74
E01002818,1685,119
E01002819,1309,66
E01002821,1158,50
E01002823,1038,92
E01002824,1199,56
E01002825,1486,115
E01002826,1263,60
E01002827,1462,46
E01002828,1063,41
E01002829,1513,111
E01002830,1444,117
E01002831,1599,153
E01002832,1113,94
E01002833,1206,53
E01002834,1140,53
E01002835,1261,48
E01002836,1183,44
E01002837,1092,41
E01002839,1359,114
E01002840,984,114
E01002841,1130,81
E01002842,917,168
E01002843,954,105
E01002844,1103,49
E01002845,1088,76
E01002846,1155,71
E01002847,1392,58
E01002848,1348,91
E01002849,1259,56
E01002850,1238,84
E01002851,1395,159
E01002852,1600,249
E01002853,837,151
E01002854,805,133
E01002855,1557,214
E01002856,1277,113
E01002857,813,140
E01002858,1010,121
E01002859,1332,62
E01002860,1221,55
E01002861,1121,73
E01002862,1260,104
E01002863,1164,73
E01002864,1042,96
E01002865,1010,102
E01002866,1417,94
E01002867,1593,146
E01002868,1272,72
E01002869,1217,92
E01002870,1064,128
E01002871,1302,67
E01002872,1016,104
E01002873,1045,68
E01002874,1135,67
E01002875,1075,54
E01002876,1305,102
E01002877,1222,164
E01002878,1321,108
E01002879,1155,154
E01002880,1142,174
E01002881,1039,155
E01002882,1027,61
E01002883,1395,79
E01002884,1219,44
E01002885,1349,50
E01002886,1230,31
E01002887,1414,63
E01002888,1815,70
E01002889,1036,46
E01002890,1277,65
E01002891,1172,82
E01002892,1322,44
E01002893,1504,92
E01002894,1197,64
E01002896,1445,48
E01002897,1123,56
E01002898,1178,50
E01002899,1074,73
E01002900,1150,49
E01002901,776,39
E01002902,1413,68
E01002903,1177,36
E01002904,879,159
E01002905,1188,169
E01002906,1251,152
E01002907,922,173
E01002908,1066,80
E01002909,1795,118
E01002910,1086,70
E01002911,1309,56
E01002912,1335,58
E01002913,1525,114
E01002914,1191,47
E01035713,1946,82
E01035714,2466,89
E01002915,991,41
E01002916,1077,42
E01002917,1019,25
E01002918,1223,78
E01002919,1256,96
E01002920,1108,34
E01002921,1302,44
E01002922,1406,35
E01002923,1191,80
E01002924,1060,27
E01002925,1066,19
E01002926,1081,26
E01002927,1137,51
E01002928,1156,85
E01002929,1211,53
E01002930,1266,80
E01002931,1316,68
E01002932,1256,134
E01002933,1377,70
E01002934,1307,38
E01002935,1450,34
E01002937,1223,34
E01002938,1357,40
E01002939,1140,53
E01002940,1104,55
E01002941,1090,39
E01002942,996,28
E01002943,1036,51
E01002944,979,33
E01002945,1154,35
E01002946,1144,32
E01002947,1188,25
E01002948,1492,75
E01002949,1341,44
E01002950,1148,57
E01002951,1137,66
E01002952,1094,66
E01002953,947,35
E01002954,930,43
E01002955,1056,66
E01002956,1219,58
E01002957,1258,100
E01002958,1241,58
E01002959,1012,48
E01002960,1159,53
E01002961,1260,51
E01002962,1103,70
E01002963,1281,52
E01002964,1794,83
E01002965,1927,62
E01002966,1461,50
E01002967,1534,42
E01002968,2276,86
E01002969,1287,177
E01002970,1196,75
E01002971,1334,46
E01002972,1488,60
E01002973,1026,90
E01002974,1437,82
E01002975,991,72
E01002976,1185,28
E01002977,1168,99
E01002978,1337,61
E01002979,1168,44
E01002980,1049,71
E01002981,1118,64
E01002982,1007,57
E01002983,1210,50
E01002984,965,72
E01002985,1183,95
E01002986,922,53
E01002987,1411,101
E01002988,1652,35
E01002989,1535,23
E01002990,1437,50
E01002991,1317,38
E01002992,1548,31
E01002993,1262,30
E01002994,1079,51
E01002995,1060,33
E01002996,1106,27
E01002997,1114,61
E01002998,1113,56
E01002999,1191,72
E01003000,1153,60
E01003001,1340,62
E01003002,1320,63
E01003003,1176,77
E01003004,1137,44
E01003005,1090,29
E01003006,1032,38
E01003007,1029,33
E01003008,976,16
E01003009,1333,44
E01003010,1082,30
E01003011,1276,44
E01033569,1335,46
E01034576,526,18
E01034577,635,34
E01003013,1478,29
E01003014,1557,104
E01003015,968,109
E01003016,1251,65
E01003017,1389,84
E01003018,1793,79
E01003019,1796,71
E01003020,1444,103
E01003021,1492,232
E01003022,1428,80
E01003023,1970,105
E01003024,1322,139
E01003025,1562,133
E01003026,1262,26
E01003027,1040,33
E01003028,1144,59
E01003029,1503,60
E01003030,1515,40
E01003031,1391,91
E01003032,1417,104
E01003033,1175,43
E01003034,1384,82
E01003035,1390,54
E01003036,1311,72
E01003037,1100,103
E01003038,1061,19
E01003039,1935,62
E01003040,1044,50
E01003041,1239,105
E01003042,877,51
E01003043,1345,89
E01003044,961,128
E01003045,1410,217
E01003046,1233,173
E01003047,1310,131
E01003048,1232,188
E01003049,1220,146
E01003050,1417,106
E01003051,1272,151
E01003052,1334,184
E01003053,1532,53
E01003054,1682,50
E01003055,1330,101
E01003056,1682,94
E01003057,1357,116
E01003058,1705,78
E01003059,1245,133
E01003060,1176,156
E01003061,1031,92
E01003062,1340,63
E01003063,1061,120
E01003064,1190,57
E01003065,1034,108
E01003066,1254,127
E01003067,1117,71
E01003068,1088,114
E01003069,947,100
E01003070,1103,143
E01003071,1912,88
E01003072,1336,56
E01003073,1503,122
E01003074,1897,148
E01003075,1180,139
E01003076,1581,77
E01003077,1466,82
E01003078,1005,37
E01003079,1262,112
E01003080,1247,97
E01003081,1363,111
E01003082,1032,103
E01003083,1127,75
E01003084,1231,89
E01003085,1550,110
E01003086,1108,154
E01003087,778,103
E01003088,1473,133
E01003089,1439,149
E01003090,1765,82
E01003091,1280,102
E01003092,1326,149
E01003093,1673,205
E01003094,1553,112
E01003095,1487,85
E01003096,1875,85
E01003097,1319,117
E01003098,1219,95
E01003099,1271,86
E01003100,1770,43
E01003101,1245,87
E01003102,1467,79
E01003104,1370,59
E01003105,1267,107
E01003106,1279,68
E01003107,1859,78
E01003108,1174,130
E01003110,1548,79
E01003111,1125,150
E01003112,1220,103
E01003113,1588,130
E01003114,1465,91
E01003115,1255,91
E01003116,1217,82
E01003117,1558,110
E01003118,1375,96
E01003119,1516,106
E01003120,1613,142
E01003121,1183,156
E01003122,1507,102
E01003123,1250,51
E01003124,1155,96
E01003125,1222,154
E01003126,1171,117
E01003127,1422,113
E01003128,1143,121
E01003129,1537,104
E01003130,1384,83
E01003131,1141,51
E01003132,1033,119
E01003133,1351,100
E01003134,1184,90
E01003135,1336,108
E01003136,1255,97
E01003137,1125,117
E01003138,1266,45
E01003139,914,84
E01003140,1302,98
E01003141,1262,120
E01003142,961,91
E01003143,1018,100
E01003144,1149,77
E01003145,1357,108
E01003146,1118,103
E01003147,1534,109
E01003148,1360,105
E01003149,1327,98
E01003150,1275,124
E01003151,1314,175
E01003152,1502,87
E01003153,1786,66
E01003154,1388,137
E01003155,1442,101
E01003156,1206,60
E01003157,1171,68
E01003158,1319,25
E01003159,1135,94
E01003160,1065,128
E01003161,931,51
E01003162,1496,188
E01003163,1154,65
E01003164,1645,121
E01003165,1172,77
E01003166,1771,125
E01003167,1258,55
E01003168,1159,132
E01003169,1894,134
E01003170,1335,51
E01003171,1407,97
E01003172,1460,147
E01003173,1312,53
E01003174,1442,165
E01003175,1143,129
E01003176,1305,162
E01003177,1333,93
E01003178,1354,74
E01003179,1205,157
E01003180,1212,116
E01003181,1171,116
E01003182,1420,144
E01003183,1188,133
E01003184,979,136
E01003185,1343,103
E01003186,1622,99
E01003187,1200,133
E01003188,1029,145
E01032582,1587,105
E01033208,1493,75
E01033862,649,38
E01033863,1143,119
E01033864,779,94
E01033865,554,46
E01033866,0,0
E01003189,1101,134
E01003190,1284,147
E01003191,1044,102
E01003192,1164,158
E01003193,1138,94
E01003194,1218,104
E01003195,1099,62
E01003196,1130,102
E01003197,1156,146
E01003198,1051,54
E01003199,1358,55
E01003200,1251,25
E01003201,1224,93
E01003202,1194,21
E01003203,1424,89
E01003204,1055,99
E01003205,937,133
E01003206,1209,65
E01003207,1069,102
E01003209,1606,96
E01003210,1460,98
E01003211,1292,74
E01003212,1619,83
E01003213,1604,83
E01003214,1376,118
E01003215,1662,75
E01003216,1390,126
E01003217,1169,76
E01003218,1092,69
E01003219,1216,72
E01003220,1159,106
E01003221,1428,140
E01003222,1181,112
E01003223,1249,86
E01003224,1249,107
E01003225,1162,48
E01003226,1365,67
E01003227,1277,73
E01003228,1168,68
E01003229,1156,126
E01003230,1458,113
E01003231,1234,84
E01003232,1283,64
E01003233,1297,89
E01003235,930,85
E01003236,1061,118
E01003237,1002,89
E01003238,959,104
E01003239,964,89
E01003240,1230,121
E01003241,1116,131
E01003243,936,102
E01003244,1075,141
E01003245,1044,127
E01003246,1088,122
E01003247,1476,92
E01003248,1179,147
E01003249,1551,158
E01003251,1389,208
E01003252,1038,189
E01003253,1109,138
E01003254,1090,44
E01003255,1569,87
E01003256,1555,153
E01003257,1152,84
E01003258,1001,118
E01003259,1257,67
E01003260,1246,71
E01003261,1115,59
E01003262,1005,52
E01003263,1138,103
E01003264,1140,82
E01003265,1118,117
E01003266,1406,138
E01003267,900,100
E01003268,1271,87
E01003269,1168,83
E01003270,1264,58
E01003271,1265,39
E01003272,1592,67
E01003273,1634,129
E01003274,1333,84
E01003275,1196,116
E01003276,1375,73
E01003277,1376,85
E01003278,1526,77
E01003279,1257,55
E01003280,1150,95
E01003281,1115,61
E01003282,1981,120
E01003283,1561,58
E01003284,1350,76
E01003285,1249,60
E01003286,1134,115
E01003287,1459,66
E01003288,1331,127
E01003290,1386,152
E01003291,1069,156
E01003292,1499,96
E01003293,1167,107
E01003295,1026,93
E01003297,1170,105
E01003298,950,124
E01003299,1238,138
E01003300,1012,151
E01003301,1767,102
E01003302,1151,128
E01003303,1227,132
E01003304,1534,162
E01003305,989,91
E01003307,1125,64
E01003308,1359,115
E01003309,1059,100
E01003310,1230,108
E01003311,1150,58
E01003312,1344,81
E01003313,1068,105
E01003314,1224,67
E01003315,1004,74
E01003316,1109,61
E01003318,1263,181
E01003319,1285,116
E01003320,1088,121
E01003321,1455,123
E01003322,1078,81
E01003323,1131,109
E01003324,1096,128
E01003325,1225,139
E01003326,1055,76
E01003327,1408,88
E01003328,1311,103
E01003329,1201,72
E01003330,1021,109
E01003331,997,88
E01003332,1115,87
E01003333,1173,81
E01003334,1254,105
E01003335,1012,108
E01003336,964,113
E01003337,1081,120
E01003338,1328,193
E01003339,1370,93
E01003340,1619,84
E01003341,1177,56
E01003342,1307,87
E01003343,1060,82
E01003344,1404,90
E01003345,1426,123
E01003346,1061,101
E01003347,1112,182
E01003348,1027,93
E01003349,921,107
E01003350,942,96
E01003351,945,89
E01003352,1249,144
E01003353,1245,95
E01003354,1202,93
E01032564,866,105
E01032565,926,88
E01032579,1142,118
E01033320,1167,123
E01033322,1050,69
E01033324,1242,97
E01033325,1134,31
E01033327,1240,95
E01033341,964,102
E01034387,419,25
E01034388,238,20
E01034389,721,100
E01034390,212,33
E01034391,1136,86
E01034392,847,80
E01034393,342,12
E01034394,136,13
E01034395,324,47
E01003355,1302,37
E01003356,1354,45
E01003357,1358,121
E01003358,1521,57
E01003359,1356,65
E01003360,1359,28
E01003361,1252,55
E01003362,997,40
E01003363,1170,47
E01003364,1272,33
E01003365,1045,55
E01003366,1178,52
E01003368,1254,105
E01003369,1410,55
E01003370,1668,77
E01003371,1274,47
E01003372,1175,112
E01003373,1016,125
E01003374,1000,145
E01003375,1179,82
E01003376,1188,118
E01003377,1109,154
E01003378,1442,131
E01003379,1221,157
E01003380,1264,30
E01003381,1019,25
E01003382,1355,34
E01003383,1274,31
E01003384,1206,29
E01003385,1193,33
E01003386,1551,141
E01003387,1162,121
E01003388,1062,95
E01003389,1288,119
E01003390,1151,150
E01003391,943,109
E01003392,1009,74
E01003393,1234,92
E01003394,1494,140
E01003395,1113,81
E01003396,1249,80
E01003397,1189,86
E01003398,1291,112
E01003399,1329,28
E01003400,1228,26
E01003401,1027,32
E01003402,1183,37
E01003403,1159,37
E01003404,1137,28
E01003405,1254,132
E01003406,1200,126
E01003407,1449,91
E01003408,1527,92
E01003409,1221,142
E01003410,1230,100
E01003411,1261,97
E01003412,1198,104
E01003413,1388,118
E01003414,1185,87
E01003415,1183,80
E01003416,1145,85
E01003417,1145,37
E01003418,1083,37
E01003419,1260,61
E01003420,979,39
E01003421,1206,52
E01003422,1008,38
E01003423,1167,24
E01003424,1068,19
E01003425,1044,26
E01003426,1253,78
E01003427,1357,123
E01003428,1084,39
E01003429,1052,65
E01003430,1010,97
E01003431,1066,113
E01003432,1035,117
E01003433,1102,97
E01003434,1095,65
E01003435,968,55
E01003436,1092,85
E01003437,1370,102
E01003438,1196,102
E01003439,1076,111
E01003440,1142,96
E01003441,1290,118
E01003442,1190,39
E01003443,1118,24
E01003444,1125,31
E01003445,1241,47
E01003446,1365,53
E01003447,1152,68
E01003448,1213,113
E01003449,1262,128
E01003450,1107,102
E01003451,1239,55
E01003452,1405,94
E01003453,1194,134
E01003454,1033,30
E01003455,1301,51
E01003456,1276,49
E01003457,1191,18
E01003458,1281,40
E01003459,1639,80
E01003460,1097,36
E01003461,1223,16
E01003462,1021,26
E01003463,904,45
E01003464,930,44
E01003465,893,29
E01003466,1167,44
E01003467,1181,31
E01003468,1228,39
E01003469,1188,91
E01003470,1302,83
E01003471,1122,44
E01003472,957,26
E01003473,1040,28
E01003474,1007,16
E01003476,1045,46
E01003477,1362,58
E01003478,1182,18
E01034578,730,28
E01034579,1074,55
E01034580,959,48
E01034581,1055,28
E01003479,1118,111
E01003480,1762,143
E01003481,1218,102
E01003483,1103,151
E01003484,1221,121
E01003485,1148,109
E01003486,877,162
E01003487,988,185
E01003488,1516,315
E01003489,1239,241
E01003490,1139,197
E01003491,1538,274
E01003492,1433,226
E01003494,1419,178
E01003495,1513,139
E01003496,1146,132
E01003497,1275,148
E01003498,1287,168
E01003499,1547,246
E01003500,1492,211
E01003501,1512,225
E01003502,1400,199
E01003503,1241,214
E01003506,1073,143
E01003507,1542,214
E01003508,1130,166
E01003509,1443,175
E01003511,893,139
E01003512,1329,159
E01003513,1171,98
E01003514,1086,171
E01003515,1271,165
E01003516,1327,193
E01003517,1231,143
E01003518,1209,102
E01003519,1204,124
E01003520,1530,250
E01003521,1804,240
E01003522,1369,234
E01003523,1465,234
E01003524,1520,287
E01003525,1485,267
E01003526,1391,284
E01003527,1239,150
E01003528,933,171
E01003529,1850,358
E01003530,1385,213
E01003531,1526,243
E01003532,1534,263
E01003533,1374,249
E01003534,1726,327
E01003535,1168,211
E01003536,1275,182
E01003537,1472,175
E01003538,1404,228
E01003539,1512,213
E01003540,1254,196
E01003541,1259,146
E01003542,1292,204
E01003543,1868,186
E01003544,1457,198
E01003545,1275,145
E01003546,1365,211
E01003547,1484,124
E01003548,1837,170
E01003549,1684,159
E01003550,1316,177
E01003551,1382,199
E01003552,1272,212
E01003553,1472,176
E01003554,1538,139
E01003555,1419,209
E01003556,1502,174
E01003557,1583,266
E01003558,1191,221
E01003559,2124,160
E01003560,1348,225
E01003561,1434,229
E01003562,1732,299
E01003563,1507,311
E01003564,1847,296
E01003565,1400,270
E01003566,1325,254
E01003567,1374,266
E01003568,1762,298
E01003569,1520,278
E01003570,1571,290
E01003571,1706,320
E01003572,1299,247
E01003573,1619,298
E01003574,2017,328
E01003575,1177,232
E01003576,1309,250
E01003577,1236,257
E01003578,1395,226
E01003579,1327,261
E01003580,1226,202
E01003581,1352,260
E01003582,1132,195
E01003583,1352,257
E01003584,1533,251
E01003585,1187,261
E01003586,1374,246
E01003587,1800,282
E01003588,1313,230
E01003589,1360,249
E01003590,1068,194
E01003591,1580,316
E01003592,1364,176
E01003593,1152,201
E01003594,1300,196
E01003595,1138,167
E01003596,1291,184
E01003597,1221,204
E01003598,1334,251
E01003599,1173,189
E01003600,1336,200
E01003601,1503,223
E01003602,1503,195
E01003603,1386,189
E01003604,1647,217
E01003605,1516,232
E01003607,1216,161
E01003608,1499,154
E01003611,1215,175
E01003615,1432,150
E01003616,1368,161
E01003618,1828,155
E01003619,1885,208
E01003621,1177,194
E01003622,1120,200
E01003623,1182,231
E01003624,1110,180
E01003625,1239,243
E01003626,1204,175
E01003627,1232,215
E01003628,1230,213
E01003629,1191,226
E01003630,1493,181
E01003631,1431,162
E01003632,1718,164
E01003633,1327,194
E01003634,1353,198
E01003635,1578,133
E01003636,1426,205
E01003637,1418,141
E01033579,1140,58
E01033580,1346,52
E01033581,1322,158
E01033582,1161,57
E01033584,1109,160
E01033586,1103,115
E01034199,1393,136
E01034200,849,57
E01034201,619,108
E01034202,928,123
E01034203,319,46
E01034204,1389,201
E01034205,1125,147
E01034206,260,59
E01034207,653,30
E01034208,1421,199
E01034209,447,23
E01034210,836,67
E01034211,262,18
E01034212,1978,72
E01034213,0,0
E01034214,0,0
E01034215,0,0
E01034216,0,0
E01034217,0,0
E01034218,852,96
E01034219,0,0
E01034220,118,3
E01034221,1540,145
E01034222,520,28
E01034223,559,61
E01034224,994,117
E01034225,785,74
E01034226,242,7
E01034227,0,0
E01034228,358,19
E01034229,695,56
E01034230,0,0
E01034231,140,9
E01003638,1176,98
E01003639,1249,135
E01003640,1259,81
E01003641,1223,105
E01003642,1172,112
E01003643,1239,99
E01003644,1125,100
E01003645,1838,186
E01003646,1261,132
E01003647,1302,120
E01003648,1040,70
E01003649,1199,91
E01003650,1031,93
E01003651,1077,86
E01003652,1107,88
E01003653,1053,113
E01003654,1130,66
E01003655,1155,51
E01003656,1078,69
E01003657,1568,84
E01003658,1184,113
E01003659,1200,69
E01003660,1292,50
E01003661,1385,116
E01003662,1325,139
E01003663,1128,88
E01003664,1218,98
E01003665,1131,93
E01003666,1535,170
E01003668,1226,48
E01003669,1162,17
E01003670,1079,36
E01003671,1126,31
E01003672,1008,64
E01003673,1403,52
E01003674,1693,69
E01003675,1129,102
E01003676,1203,100
E01003677,1096,89
E01003678,1151,75
E01003679,1195,101
E01003680,1159,79
E01003681,1278,121
E01003682,1206,99
E01003683,1420,269
E01003684,1180,188
E01003685,1301,193
E01003686,1343,219
E01003688,1316,253
E01003689,1079,233
E01003690,1211,129
E01003691,1032,147
E01003692,1133,149
E01003693,1172,127
E01003694,1085,130
E01003695,1165,165
E01003696,1377,113
E01003697,1181,100
E01003698,1028,56
E01003699,1042,40
E01003700,1641,127
E01003701,1262,102
E01003702,1226,73
E01003703,1853,114
E01003704,1218,100
E01003705,1576,108
E01003706,1059,90
E01003707,981,86
E01003708,1012,131
E01003709,1150,82
E01003710,1114,79
E01003711,1250,90
E01003712,937,126
E01003713,1250,182
E01003714,1505,218
E01003715,1458,216
E01003716,1244,156
E01003718,1332,209
E01003719,1468,220
E01003720,1260,119
E01003721,1129,91
E01003722,1256,109
E01003723,1188,91
E01003724,964,52
E01003725,1057,102
E01003726,1048,114
E01003727,1109,98
E01003729,1190,265
E01003730,1129,264
E01003731,1025,180
E01003732,990,246
E01003733,1254,195
E01003734,1190,174
E01003735,1447,316
E01003736,1103,192
E01003737,1251,111
E01003738,1497,152
E01003739,1512,183
E01003740,1451,163
E01003741,1207,115
E01003742,1434,183
E01003743,1212,201
E01003744,997,30
E01003745,1043,24
E01003746,1042,28
E01003747,922,32
E01003748,1085,48
E01003749,1215,60
E01003750,1204,48
E01003751,1353,154
E01003752,1905,214
E01003753,1400,161
E01003754,1143,136
E01003755,1378,163
E01003756,1500,171
E01003757,1066,134
E01003759,1087,39
E01003760,1308,93
E01003761,1154,198
E01003762,1231,57
E01003763,1317,85
E01003764,1495,94
E01003765,1186,42
E01003766,1376,221
E01003767,1348,191
E01003768,1320,191
E01003769,1232,198
E01003770,1831,233
E01003771,1332,183
E01003772,1225,150
E01003773,1180,125
E01003774,1365,44
E01003775,1259,70
E01003776,1153,70
E01003777,1399,47
E01003778,1432,46
E01003779,1120,50
E01003780,1108,48
E01003781,1223,167
E01003782,1240,213
E01003783,1633,325
E01003784,1266,179
E01003785,1361,199
E01003786,1034,105
E01003787,1096,153
E01003788,1331,185
E01003789,1102,30
E01003790,1030,70
E01003791,1124,54
E01003792,1042,46
E01003793,1130,89
E01003794,1032,64
E01003795,848,23
E01003796,1164,55
E01032581,1228,140
E01033589,1056,134
E01033590,797,107
E01033591,1573,299
E01033592,1382,122
E01034480,1120,157
E01034481,950,154
E01034482,305,44
E01034483,320,47
E01034484,1148,202
E01003797,958,29
E01003798,1105,37
E01003799,1178,27
E01003800,1119,49
E01003801,1010,25
E01003802,1033,38
E01003803,1083,83
E01003804,1256,29
E01003805,1099,18
E01003806,1036,22
E01003807,1366,31
E01003808,1327,36
E01003809,1208,20
E01003810,1169,35
E01003811,1127,17
E01003812,1377,40
E01003813,1150,34
E01003814,1199,37
E01003815,1328,54
E01003816,1118,43
E01003817,1418,92
E01003818,1116,44
E01003819,1219,97
E01003820,1377,66
E01003821,1196,37
E01003822,1022,26
E01003823,1278,38
E01003824,1153,22
E01003825,1266,26
E01003826,1235,68
E01003827,1316,18
E01003828,1105,20
E01003829,1220,86
E01003830,1273,52
E01003831,1154,45
E01003832,1065,89
E01003833,1029,52
E01003834,1352,33
E01003835,1062,27
E01003836,1034,53
E01003837,1273,45
E01003838,1318,45
E01003839,1390,70
E01003840,1174,85
E01003841,1389,129
E01003842,1215,64
E01003843,1457,108
E01003844,1070,41
E01003845,1190,68
E01003846,1213,19
E01003847,1238,26
E01003848,1386,43
E01003849,1122,31
E01003851,1171,16
E01003852,1011,34
E01003853,1097,58
E01003854,1058,30
E01003855,1309,61
E01003856,1237,34
E01003857,1290,32
E01003858,1205,26
E01003859,1116,27
E01003860,1389,32
E01003861,1405,34
E01003862,1034,47
E01003863,990,38
E01003864,1121,35
E01003865,940,44
E01003866,1121,15
E01003867,1106,43
E01003868,1135,16
E01003869,1265,30
E01003870,1353,42
E01003871,1171,28
E01003872,1102,18
E01003873,1249,39
E01003874,1235,41
E01003875,1123,33
E01003876,1303,28
E01003877,1082,14
E01003878,1032,50
E01003879,1245,18
E01003880,1077,22
E01003881,1559,28
E01003882,1338,24
E01003883,1409,23
E01003884,1209,38
E01003885,1098,18
E01003886,1234,28
E01003887,1294,23
E01003888,1391,49
E01003889,1294,24
E01003890,1146,25
E01003891,1322,28
E01003892,1470,42
E01003893,1212,29
E01003894,1265,29
E01003895,1268,34
E01003896,1342,35
E01003897,1426,37
E01003898,1128,20
E01003899,1032,17
E01003900,1119,70
E01003901,1149,26
E01003902,928,23
E01003903,1172,77
E01003904,1119,33
E01003905,1056,30
E01003906,1173,51
E01003907,1221,71
E01003908,1324,53
E01003909,1304,49
E01003910,979,26
E01033570,1182,56
E01033571,1073,44
E01003911,1451,140
E01003912,1095,152
E01003913,1494,81
E01003914,1464,97
E01003915,1511,150
E01003916,1762,143
E01003917,1413,137
E01003918,1173,154
E01003919,1426,98
E01003920,1318,154
E01003921,1164,127
E01003922,1453,150
E01003923,1402,108
E01003924,1433,160
E01003925,953,113
E01003926,1051,108
E01003929,1883,83
E01003930,1308,89
E01003932,1309,176
E01003933,1515,114
E01003934,1165,60
E01003935,1168,61
E01003936,1731,19
E01003937,1382,69
E01003938,1446,121
E01003939,1593,80
E01003940,1107,110
E01003941,1645,92
E01003942,1275,97
E01003943,1017,104
E01003945,1247,37
E01003946,1230,95
E01003947,1027,126
E01003948,1219,87
E01003949,1473,65
E01003950,1421,153
E01003951,1118,52
E01003952,1295,53
E01003953,1734,88
E01003954,1230,46
E01003955,1454,80
E01003956,1318,41
E01003957,1346,54
E01003958,1266,55
E01003960,1485,99
E01003961,1534,167
E01003963,1220,161
E01003966,1499,185
E01003969,1516,80
E01003971,1193,207
E01003972,1251,111
E01003973,1221,109
E01003975,1175,130
E01003976,1576,135
E01003977,1321,141
E01003979,1442,102
E01003980,1608,128
E01003981,1455,58
E01003983,1398,189
E01003984,1604,153
E01003986,883,125
E01003987,1296,137
E01003988,1628,180
E01003989,1364,183
E01003990,1527,176
E01003991,925,103
E01003992,1069,112
E01003993,1230,128
E01003994,1215,117
E01003995,1075,109
E01003997,963,90
E01003998,1114,79
E01003999,1118,108
E01004000,1469,136
E01004001,1239,139
E01004002,1252,106
E01004003,1312,174
E01004004,1967,180
E01004005,1578,229
E01004006,1563,177
E01004007,882,111
E01004008,1598,207
E01004010,1139,136
E01004011,1474,195
E01004012,1837,196
E01004013,1218,158
E01004014,1283,175
E01004015,1180,52
E01004016,1504,115
E01004017,1175,62
E01004018,1459,55
E01004019,1752,145
E01004020,1434,156
E01004021,1767,68
E01004023,1172,100
E01004024,1418,137
E01004028,1287,115
E01004029,1587,56
E01004030,1237,72
E01004031,1414,92
E01004032,1510,53
E01004033,1156,122
E01004034,1115,114
E01004035,1172,149
E01004036,1631,196
E01004037,1528,153
E01004038,1746,164
E01004039,1601,143
E01004040,918,106
E01004041,1248,135
E01004042,1314,155
E01004043,1092,72
E01004044,1016,103
E01004045,1078,135
E01004046,1280,76
E01004047,1128,121
E01004048,1214,56
E01004049,1293,93
E01004050,1224,57
E01004051,1095,35
E01004052,1411,59
E01004053,1614,45
E01004054,1460,47
E01004055,978,99
E01004056,1752,110
E01004057,1253,71
E01004058,1570,29
E01004059,1403,39
E01004060,1434,115
E01004061,1428,86
E01004062,1454,120
E01004063,1570,101
E01004064,1436,157
E01004065,1198,62
E01004066,1616,150
E01004067,1641,203
E01004068,1452,174
E01004069,989,19
E01004070,1438,59
E01004071,1198,77
E01004072,1030,37
E01004073,1384,45
E01004074,1291,28
E01004075,1486,32
E01032583,1359,105
E01032584,1045,82
E01032637,1187,12
E01032638,1093,9
E01032639,1434,74
E01032640,1172,25
E01032646,1408,42
E01032719,981,92
E01032803,1207,26
E01032834,1064,10
E01033867,1319,66
E01033868,765,19
E01033869,824,46
E01033870,572,36
E01033871,1181,84
E01033872,937,60
E01033873,1390,167
E01033874,0,0
E01033875,504,73
E01033876,424,20
E01033877,809,66
E01033878,774,93
E01033879,1949,285
E01033880,748,60
E01033881,2328,319
E01033882,1102,130
E01033883,778,108
E01033884,606,26
E01033885,1159,82
E01004076,1068,49
E01004077,1136,51
E01004078,1182,66
E01004079,1045,23
E01004080,982,33
E01004081,1070,54
E01004082,1045,29
E01004083,1022,86
E01004084,1091,32
E01004085,1184,44
E01004086,1186,70
E01004087,1106,33
E01004088,1250,146
E01004089,880,75
E01004090,831,93
E01004091,971,13
E01004092,1098,25
E01004093,1105,30
E01004094,1199,23
E01004095,1159,44
E01004096,1102,60
E01004097,1237,37
E01004098,897,43
E01004099,1084,34
E01004100,990,27
E01004101,993,30
E01004102,1000,53
E01004103,1238,50
E01004104,1084,21
E01004105,1332,38
E01004106,1155,21
E01004107,1103,56
E01004108,1160,51
E01004109,1170,46
E01004110,1343,50
E01004111,1027,34
E01004112,1141,23
E01004114,1212,38
E01004115,1239,49
E01004116,1077,26
E01004117,1069,17
E01004118,1226,46
E01004119,1060,25
E01004120,1133,17
E01004121,1153,55
E01004122,1003,36
E01004123,1550,116
E01004124,1294,108
E01004125,1088,73
E01004126,1024,72
E01004127,1157,73
E01004128,1088,62
E01004129,1243,114
E01004130,1170,36
E01004131,1164,48
E01004132,1073,35
E01004133,1054,26
E01004134,1069,39
E01004135,1081,45
E01004136,1172,36
E01004137,1156,45
E01004138,1195,59
E01004139,1038,49
E01004140,1130,99
E01004141,1137,66
E01004143,1074,60
E01004144,1196,62
E01004145,1543,71
E01004146,1184,59
E01004147,1127,52
E01004148,1100,65
E01004149,1241,60
E01004150,1137,55
E01004151,1313,71
E01004152,1137,53
E01004153,1297,58
E01004154,1056,28
E01004155,1212,41
E01004156,1295,66
E01004157,927,30
E01004158,1124,42
E01004159,1121,44
E01004160,1188,47
E01004161,1076,39
E01004162,1157,59
E01004163,1147,42
E01004164,1136,43
E01004165,1256,67
E01004166,1081,42
E01004167,947,56
E01004168,1167,29
E01004169,820,57
E01004170,1336,54
E01004171,1064,33
E01004172,1172,61
E01004173,1015,46
E01004174,1060,35
E01004175,1192,49
E01004176,1073,42
E01004177,1123,83
E01004178,1497,80
E01004179,1164,33
E01004180,1248,50
E01004181,1234,69
E01004182,1077,75
E01004183,1223,83
E01004184,1071,87
E01004185,1047,106
E01004186,1325,58
E01004187,1124,51
E01004189,1313,98
E01004190,1038,26
E01004191,1182,46
E01004192,1441,58
E01004193,1625,59
E01004194,995,29
E01004195,1192,54
E01004196,1076,46
E01032623,1254,37
E01034153,998,42
E01034154,225,23
E01034155,897,56
E01034156,649,43
E01004198,1159,208
E01004199,1107,235
E01004200,1380,91
E01004201,1184,148
E01004202,1406,179
E01004203,1424,137
E01004204,1145,227
E01004205,1541,368
E01004206,1131,236
E01004207,1100,146
E01004208,1721,157
E01004209,951,224
E01004211,1307,133
E01004212,1451,164
E01004214,1163,218
E01004216,1309,91
E01004217,1347,147
E01004218,1424,101
E01004219,1722,293
E01004221,1537,141
E01004222,1797,296
E01004223,1537,187
E01004226,1264,171
E01004228,1493,107
E01004229,1151,140
E01004230,1600,186
E01004231,1249,214
E01004232,1419,90
E01004233,1299,204
E01004234,1780,103
E01004235,935,176
E01004236,1147,262
E01004237,856,119
E01004239,1152,218
E01004240,1226,240
E01004241,1124,237
E01004243,1212,273
E01004244,1264,250
E01004245,988,242
E01004247,1383,292
E01004248,839,183
E01004249,1429,275
E01004251,1471,261
E01004255,1224,243
E01004256,1224,245
E01004257,1258,267
E01004258,1231,102
E01004259,1424,112
E01004260,1282,192
E01004263,1004,160
E01004264,1069,258
E01004266,1193,134
E01004267,1431,187
E01004268,1290,281
E01004270,1856,199
E01004271,1056,198
E01004272,1402,346
E01004274,1497,269
E01004275,1474,105
E01004276,1841,40
E01004277,1474,54
E01004280,1323,186
E01004281,1524,91
E01004283,1695,278
E01004286,1670,348
E01004287,1544,235
E01004288,1071,221
E01004289,1386,203
E01004290,1034,76
E01004291,1601,82
E01004292,1546,58
E01004293,1864,90
E01004295,1030,228
E01004296,1251,163
E01004297,1577,69
E01004298,1245,275
E01004300,966,161
E01004301,932,192
E01004302,1364,289
E01004303,1779,211
E01004304,1418,301
E01004305,1379,245
E01004306,1486,208
E01004307,2031,101
E01004308,1161,193
E01004309,2320,497
E01004310,1647,294
E01004311,1138,168
E01004312,1199,219
E01004313,1504,201
E01004315,1367,179
E01004316,919,142
E01004319,1411,327
E01004321,1445,291
E01004322,997,133
E01004323,1143,190
E01004324,1137,234
E01004326,1124,145
E01032764,1112,80
E01032765,994,97
E01032767,1509,51
E01032768,1172,40
E01032769,1042,87
E01032770,1004,98
E01032771,914,88
E01032772,943,113
E01032774,999,116
E01032775,756,32
E01032776,973,43
E01032777,941,76
E01032779,892,51
E01032780,1209,41
E01032781,1474,71
E01032782,1265,132
E01032783,1412,114
E01032784,1454,110
E01032785,1108,82
E01032786,1118,135
E01032787,1842,380
E01035657,355,17
E01035658,0,0
E01035659,1190,176
E01035660,1057,164
E01035661,796,70
E01035662,1018,12
E01035663,918,46
E01035664,1979,215
E01035665,191,12
E01035666,530,92
E01035667,1286,237
E01035668,1598,178
E01035669,740,43
E01035670,3593,336
E01035671,0,0
E01035672,1770,308
E01035673,0,0
E01035674,477,65
E01035675,995,175
E01035676,883,207
E01035677,436,111
E01035678,598,66
E01035679,878,116
E01035680,1006,113
E01035681,693,179
E01035682,517,114
E01035683,1028,252
E01035684,687,127
E01035685,901,198
E01035686,1423,175
E01035687,726,21
E01035688,0,0
E01035689,1131,101
E01035690,781,56
E01035691,1102,32
E01035692,698,62
E01035693,482,63
E01035694,1327,236
E01035695,1141,211
E01035696,644,35
E01035697,881,86
E01035698,703,52
E01035699,588,59
E01035700,0,0
E01035701,0,0
E01035702,965,54
E01035703,0,0
E01035704,721,82
E01035705,1028,146
E01035706,376,30
E01004327,919,91
E01004328,1439,119
E01004329,1486,156
E01004330,1434,96
E01004331,1388,140
E01004332,1379,160
E01004333,1282,154
E01004334,1056,164
E01004335,1238,212
E01004336,1438,157
E01004337,1436,172
E01004338,1451,132
E01004339,1364,127
E01004340,1406,199
E01004341,1295,205
E01004342,1559,163
E01004343,1310,64
E01004344,1277,158
E01004345,1372,133
E01004346,1165,111
E01004347,1478,113
E01004348,1981,190
E01004349,1018,83
E01004350,1098,76
E01004351,1130,45
E01004352,1380,36
E01004353,1336,67
E01004354,1293,47
E01004355,1164,90
E01004356,1175,97
E01004357,1105,79
E01004358,1200,58
E01004359,1246,57
E01004360,980,51
E01004361,999,52
E01004362,1285,114
E01004363,1184,87
E01004364,1244,171
E01004365,1805,248
E01004366,1440,188
E01004367,1219,175
E01004368,1505,138
E01004369,1328,127
E01004370,1347,111
E01004371,1377,137
E01004372,1398,116
E01004373,1376,151
E01004374,1470,117
E01004375,1447,161
E01004376,1637,170
E01004377,1269,98
E01004378,1354,137
E01004379,1060,40
E01004380,1094,56
E01004381,1326,71
E01004382,1090,132
E01004383,1156,71
E01004384,1248,138
E01004385,963,90
E01004386,1224,41
E01004387,1122,35
E01004388,1110,75
E01004389,1148,94
E01004390,1112,111
E01004391,1429,125
E01004392,1793,206
E01004393,1922,131
E01004394,1350,172
E01004395,1160,86
E01004396,1340,159
E01004397,1870,203
E01004398,1412,212
E01004399,1209,192
E01004400,1267,139
E01004401,1577,129
E01004402,1267,177
E01004403,1267,186
E01004404,1511,186
E01004405,1216,166
E01004406,1424,153
E01004407,1102,280
E01004408,1289,141
E01004409,1273,127
E01004410,1345,182
E01004411,1402,119
E01004412,1322,93
E01004413,1088,107
E01004414,1140,73
E01004415,1138,90
E01004416,1243,86
E01004417,1179,78
E01004418,1194,99
E01004419,993,82
E01004420,1655,284
E01004421,1493,247
E01004422,1186,132
E01004423,1137,203
E01004424,1312,210
E01004425,1499,158
E01004426,1522,196
E01004427,1527,153
E01004428,1208,205
E01004429,1353,158
E01004430,1817,165
E01004432,1263,126
E01004434,1482,192
E01004435,1429,165
E01004436,1343,179
E01004437,1490,175
E01004438,1706,134
E01004439,1275,118
E01004440,1733,179
E01004441,1321,97
E01004442,1421,122
E01004443,1631,238
E01004444,2060,283
E01004445,828,81
E01004446,1433,149
E01004447,1447,152
E01004448,1359,163
E01004449,1261,224
E01004450,1160,45
E01004451,1284,65
E01004452,1165,100
E01004453,1203,94
E01004454,1200,96
E01004455,1124,152
E01004456,1134,164
E01004457,1430,132
E01004458,1400,157
E01004459,1028,209
E01004460,1414,186
E01004462,1362,163
E01004463,1525,101
E01004464,1105,160
E01004465,1096,106
E01004466,1246,88
E01004467,1530,159
E01004468,1206,72
E01004469,1140,199
E01004470,1112,130
E01004471,1218,164
E01034485,1609,145
E01034486,0,0
E01034487,621,111
E01034488,1138,222
E01004472,1649,56
E01004473,1422,44
E01004474,1656,69
E01004475,1178,56
E01004476,1200,55
E01004477,1194,20
E01004478,1077,33
E01004479,1167,35
E01004480,1418,35
E01004481,1460,61
E01004482,1250,56
E01004483,1746,65
E01004484,1284,62
E01004485,1331,59
E01004486,1261,44
E01004487,1281,107
E01004488,1197,68
E01004489,1116,43
E01004490,1190,31
E01004491,1770,94
E01004492,1423,74
E01004493,1469,76
E01004494,1377,83
E01004495,1184,139
E01004496,1743,63
E01004497,1062,50
E01004498,1433,37
E01004499,1321,47
E01004500,1360,46
E01004501,1267,70
E01004502,1279,27
E01004503,1348,69
E01004504,1134,69
E01004505,1329,41
E01004506,1605,46
E01004507,1564,38
E01004508,1754,51
E01004510,1686,50
E01004511,1443,12
E01004512,1140,41
E01004513,1466,93
E01004514,1435,42
E01004515,1438,70
E01004516,1324,63
E01004517,1508,117
E01004518,1284,93
E01004519,1271,88
E01004520,965,79
E01004521,1452,133
E01004522,1199,105
E01004523,1172,70
E01004524,1197,165
E01004525,1497,120
E01004526,1298,112
E01004527,1260,100
E01004528,1147,118
E01004529,1666,95
E01004530,1511,106
E01004531,1268,102
E01004532,1166,74
E01004533,1057,100
E01004534,1578,37
E01004535,1230,187
E01004536,1688,124
E01004537,1441,153
E01004538,1546,122
E01004539,1470,170
E01004540,1657,105
E01004541,1267,136
E01004542,1234,33
E01004543,1364,22
E01004544,1165,39
E01004545,1414,25
E01004546,1241,49
E01004547,1072,86
E01004548,1760,85
E01004549,1311,65
E01004550,1014,53
E01004551,1552,63
E01004552,1799,35
E01004553,1373,44
E01004554,1240,18
E01004555,1178,28
E01004556,1148,22
E01004557,1156,42
E01004558,1251,38
E01004559,985,23
E01004560,1661,73
E01004563,1551,136
E01004564,1792,74
E01004565,1185,51
E01004566,1299,35
E01004567,1745,170
E01004568,1343,113
E01004569,1942,154
E01004570,1423,127
E01004571,1562,152
E01004572,978,68
E01004573,1248,92
E01004574,1246,167
E01004575,1355,109
E01004576,1144,84
E01004577,1559,51
E01004579,1279,72
E01004580,1701,81
E01004581,1551,78
E01004582,1741,77
E01004583,1393,63
E01004584,1237,155
E01004585,1595,47
E01004586,1597,34
E01004587,1439,39
E01004588,1657,41
E01004589,1403,20
E01004590,1379,95
E01004591,1503,79
E01004592,1308,70
E01004593,1512,54
E01004594,1250,47
E01004595,1442,42
E01004596,1224,22
E01004597,1364,47
E01004598,1512,37
E01004599,1086,24
E01004601,1754,112
E01004602,1376,28
E01004604,1200,28
E01004605,1339,51
E01004606,1398,20
E01004607,1330,28
E01004608,1391,50
E01004609,1854,34
E01004610,1544,105
E01004611,1228,94
E01004612,1348,149
E01004613,1215,126
E01004614,1695,110
E01004615,1284,143
E01004616,1793,138
E01004617,1369,110
E01004618,1214,65
E01004619,1028,31
E01004620,1277,49
E01004621,1319,60
E01004622,2041,298
E01004623,1316,46
E01004624,1255,59
E01004625,962,20
E01004626,1441,57
E01004627,1222,39
E01004628,1880,151
E01004629,1192,55
E01004630,1263,135
E01004631,1133,90
E01004632,1142,43
E01004633,1195,122
E01004634,1207,72
E01004635,1294,97
E01004636,1134,67
E01004637,1133,84
E01004638,1046,46
E01004639,1384,55
E01004640,1415,42
E01004641,1443,61
E01004642,1398,78
E01004643,1499,129
E01004644,1449,80
E01004645,1423,160
E01033098,926,31
E01033099,863,48
E01033100,1050,70
E01033132,904,50
E01033133,1043,32
E01033135,874,13
E01035488,888,17
E01035489,218,7
E01035490,1052,26
E01035491,1166,25
E01035492,255,3
E01035493,808,30
E01035494,641,17
E01035495,938,121
E01035496,328,12
E01035497,0,0
E01035498,0,0
E01035499,1067,112
E01004646,1116,99
E01004647,1081,99
E01004648,1840,138
E01004649,1248,103
E01004650,1536,105
E01004651,1610,105
E01004652,1585,120
E01004653,1461,62
E01004654,1938,76
E01004656,1773,136
E01004657,1255,57
E01004658,1328,152
E01004659,1560,79
E01004660,1448,100
E01004661,1576,161
E01004662,1645,73
E01004663,1321,108
E01004665,998,180
E01004668,1023,85
E01004669,1209,143
E01004670,1779,529
E01004674,1519,285
E01004675,1760,276
E01004676,1349,130
E01004677,1512,151
E01004678,1542,196
E01004679,1605,228
E01004680,1186,78
E01004681,1862,123
E01004682,1386,81
E01004683,1341,95
E01004684,1274,199
E01004686,1237,258
E01004687,1316,77
E01004690,1089,71
E01004691,1256,112
E01004692,1266,119
E01004693,1140,52
E01004694,1565,73
E01004695,1132,56
E01004696,1171,172
E01004697,1280,84
E01004698,1362,60
E01004699,1997,125
E01004700,1489,72
E01004701,1296,83
E01004702,1848,385
E01004703,1750,135
E01004705,1165,63
E01004706,1318,51
E01004707,1704,103
E01004708,1341,117
E01004709,1146,123
E01004710,1133,193
E01004711,1290,171
E01004712,1468,61
E01004713,1554,47
E01004714,1864,94
E01004715,993,78
E01004716,1722,73
E01004717,1326,33
E01004718,1505,204
E01004719,1391,177
E01004720,1427,211
E01004721,1497,270
E01004722,1769,391
E01004723,1757,238
E01004724,1365,119
E01004725,1170,174
E01004726,1370,123
E01004727,1684,110
E01004728,1194,118
E01004729,1198,130
E01004730,1227,117
E01004731,1575,79
E01004732,1153,173
E01004733,1664,95
E01004734,1735,127
E01004735,1640,86
E01004736,1589,47
E01004737,980,70
E01004740,1140,115
E01004741,1018,64
E01004742,1233,48
E01004743,1106,102
E01004744,1049,59
E01004746,1076,103
E01004747,1819,153
E01004748,1183,49
E01004749,2043,107
E01004750,1425,102
E01004751,1475,63
E01004752,1386,101
E01004753,1605,69
E01004754,1067,212
E01004755,1387,253
E01004756,1831,202
E01004757,1140,235
E01004760,1270,148
E01004761,1678,95
E01004762,1729,137
E01004763,2023,103
E01004765,1762,123
E01032512,1746,397
E01032513,927,155
E01033593,910,147
E01033594,1176,126
E01033597,601,42
E01033598,887,222
E01033599,1062,144
E01033601,1095,189
E01033602,1116,267
E01033603,1108,165
E01033604,1010,161
E01033605,1452,312
E01035715,2277,143
E01035716,2059,151
E01035717,1941,110
E01035718,2752,128
E01035719,836,56
E01035720,893,50
E01035721,2155,186
E01035722,2283,63
